-- phpMyAdmin SQL Dump
-- version 4.9.0.1
-- https://www.phpmyadmin.net/
--
-- Máy chủ: 127.0.0.1
-- Thời gian đã tạo: Th10 22, 2019 lúc 05:48 PM
-- Phiên bản máy phục vụ: 10.3.16-MariaDB
-- Phiên bản PHP: 7.3.7

SET SQL_MODE = "NO_AUTO_VALUE_ON_ZERO";
SET AUTOCOMMIT = 0;
START TRANSACTION;
SET time_zone = "+00:00";


/*!40101 SET @OLD_CHARACTER_SET_CLIENT=@@CHARACTER_SET_CLIENT */;
/*!40101 SET @OLD_CHARACTER_SET_RESULTS=@@CHARACTER_SET_RESULTS */;
/*!40101 SET @OLD_COLLATION_CONNECTION=@@COLLATION_CONNECTION */;
/*!40101 SET NAMES utf8mb4 */;

--
-- Cơ sở dữ liệu: `duanmau`
--

-- --------------------------------------------------------

--
-- Cấu trúc bảng cho bảng `category`
--

CREATE TABLE `category` (
  `id_category` int(11) NOT NULL,
  `name_category` varchar(255) COLLATE utf8_unicode_ci NOT NULL,
  `create_at` timestamp NOT NULL DEFAULT current_timestamp()
) ENGINE=InnoDB DEFAULT CHARSET=utf8 COLLATE=utf8_unicode_ci;

--
-- Đang đổ dữ liệu cho bảng `category`
--

INSERT INTO `category` (`id_category`, `name_category`, `create_at`) VALUES
(24, 'Macbook', '2019-09-21 10:43:39'),
(28, 'Asus', '2019-09-21 14:19:40'),
(30, 'Lelovo', '2019-09-22 08:19:40'),
(32, 'Gaming', '2019-09-22 15:31:05'),
(33, 'Dell', '2019-10-01 02:18:34'),
(34, 'Samsung', '2019-10-01 02:26:46'),
(35, 'Apple', '2019-10-01 02:27:14'),
(36, 'Acer', '2019-10-01 02:27:35'),
(37, 'Xiaomi redmi', '2019-10-01 09:55:01'),
(39, 'Mackbook1A', '2019-10-02 03:03:56');

-- --------------------------------------------------------

--
-- Cấu trúc bảng cho bảng `comments`
--

CREATE TABLE `comments` (
  `id_comment` int(11) NOT NULL,
  `content` text COLLATE utf8_unicode_ci NOT NULL,
  `id_product` int(11) NOT NULL,
  `user` varchar(255) COLLATE utf8_unicode_ci NOT NULL,
  `create_at` timestamp NOT NULL DEFAULT current_timestamp()
) ENGINE=InnoDB DEFAULT CHARSET=utf8 COLLATE=utf8_unicode_ci;

--
-- Đang đổ dữ liệu cho bảng `comments`
--

INSERT INTO `comments` (`id_comment`, `content`, `id_product`, `user`, `create_at`) VALUES
(1, 'cái quái gì vậy', 33, 'quang123', '2019-10-01 07:46:35'),
(2, 'đóng gói sản phẩm chắc chắn :))', 33, 'quang123', '2019-10-01 07:47:24'),
(5, 'Sản phẩm đúng như mô tả', 33, 'VerryWell', '2019-10-01 08:22:19'),
(6, 'Sản phẩm đúng như mô tả', 53, 'quang123', '2019-10-01 09:06:14'),
(14, 'Chất lượng sản phẩm xuất xắc', 35, 'nenethai', '2019-10-03 15:32:55'),
(16, 'Giao hàng nhanh nhân viên phục vụ nhiệt tình !!!', 58, 'nenethai', '2019-10-03 15:35:48'),
(20, 'Sản phẩm chất lượng tốt', 3, 'quang1213', '2019-10-10 08:23:31'),
(21, 'hiaz', 77, 'nenethai', '2019-10-10 09:22:55'),
(22, 'sản phẩm tương đối tốt ???? ', 40, 'quang123', '2019-10-10 10:16:06'),
(24, 'Sản phẩm đẹp chất lượng sản phẩm xuất xắc\r\n', 82, 'VerryWell', '2019-10-13 07:20:26'),
(25, 'Shop phục vụ nhiệt tình', 82, 'quang123', '2019-10-13 07:21:14'),
(29, 'chất lượng sản phẩm tuyệt vời', 39, 'VerryWell', '2019-10-14 02:51:58'),
(30, 'sản phẩm chất lượng tốt', 53, 'VerryWell', '2019-10-14 02:52:48'),
(31, 'Đúng như mô tả', 53, 'VerryWell', '2019-10-14 02:53:13'),
(34, 'hix hix !!!', 45, 'VerryWell', '2019-10-15 02:45:43'),
(35, 'Sản phẩm chất lượng tốt', 31, 'chien1111', '2019-10-15 08:43:11'),
(36, 'sản phẩm chất lượng tốt', 36, 'VerryWell', '2019-10-15 13:55:32'),
(43, 'Giao hàng nhanh', 3, 'quang123', '2019-10-17 03:09:29'),
(44, 'sản phẩm tốt', 45, 'quang123', '2019-10-17 03:09:57'),
(46, 'sản phẩm đẹp', 45, 'VerryWell', '2019-10-17 08:16:52'),
(47, 'tốt', 45, 'VerryWell', '2019-10-17 08:17:52'),
(48, 'giá cả hợp lý', 40, 'VerryWell', '2019-10-17 08:18:38'),
(49, 'dfssad', 48, 'VerryWell', '2019-10-17 09:54:11'),
(50, 'sản phẩm tốt', 77, 'VerryWell', '2019-10-18 03:47:07'),
(51, 'sản phẩm tốt', 77, 'VerryWell', '2019-10-18 03:47:47'),
(52, 'sản phẩm tốt', 77, 'VerryWell', '2019-10-18 03:48:34'),
(54, 'sản phẩm đẹp', 31, 'VerryWell', '2019-10-18 03:51:46'),
(57, 'sản phẩm tốt', 57, 'VerryWell', '2019-10-18 04:20:14'),
(59, 'sản phẩm tốt', 40, 'VerryWell', '2019-10-18 04:32:26');

-- --------------------------------------------------------

--
-- Cấu trúc bảng cho bảng `information`
--

CREATE TABLE `information` (
  `id` int(11) NOT NULL,
  `logo` varchar(255) COLLATE utf8_unicode_ci NOT NULL,
  `address` varchar(255) COLLATE utf8_unicode_ci NOT NULL,
  `email` varchar(255) COLLATE utf8_unicode_ci NOT NULL,
  `phone` varchar(255) COLLATE utf8_unicode_ci NOT NULL,
  `license` varchar(255) COLLATE utf8_unicode_ci NOT NULL
) ENGINE=InnoDB DEFAULT CHARSET=utf8 COLLATE=utf8_unicode_ci;

--
-- Đang đổ dữ liệu cho bảng `information`
--

INSERT INTO `information` (`id`, `logo`, `address`, `email`, `phone`, `license`) VALUES
(4, 'logo.png', 'Đồng Vân-Đồng Tháp-Đan Phượng-Hà Nội', 'quanglxph07563@fpt.edu.vn', '0981711200', '© 2019 fptshop. Tất cả các quyền được bảo lưu.');

-- --------------------------------------------------------

--
-- Cấu trúc bảng cho bảng `products`
--

CREATE TABLE `products` (
  `id_product` int(11) NOT NULL,
  `name_product` varchar(255) COLLATE utf8_unicode_ci NOT NULL,
  `images` varchar(255) COLLATE utf8_unicode_ci NOT NULL,
  `price` float NOT NULL,
  `sale` float DEFAULT NULL,
  `special` tinyint(11) DEFAULT 0,
  `amount` int(11) NOT NULL,
  `detail` text COLLATE utf8_unicode_ci NOT NULL,
  `view` int(11) DEFAULT 0,
  `id_category` int(11) NOT NULL,
  `create_at` timestamp NOT NULL DEFAULT current_timestamp()
) ENGINE=InnoDB DEFAULT CHARSET=utf8 COLLATE=utf8_unicode_ci;

--
-- Đang đổ dữ liệu cho bảng `products`
--

INSERT INTO `products` (`id_product`, `name_product`, `images`, `price`, `sale`, `special`, `amount`, `detail`, `view`, `id_category`, `create_at`) VALUES
(3, '[Mới 100% Full box] Laptop ASUS VivoBook 15 A512DA-EJ422T- Ryzen 5', 'Asus11.jpg', 14590000, 14000000, 1, 2000, '<p><strong>ASUS VivoBook 15 A512DA- D&ograve;ng ultrabook m&agrave;u sắc nhỏ gọn nhất thế giới trong ph&acirc;n kh&uacute;c</strong></p>\r\n\r\n<p><strong><img alt=\"\" src=\"https://laptop88.vn/media/lib/4594_1.png\" /></strong></p>\r\n\r\n<p>ASUS VivoBook 15 A512DA - EJ422T l&agrave; mẫu ultrabook phổ th&ocirc;ng mang sắc m&agrave;u hiện đại v&agrave; năng động, viền m&agrave;n h&igrave;nh si&ecirc;u mỏng NanoEdge cho tỉ lệ hiển thị lớn nhất trong ph&acirc;n kh&uacute;c, lưu trữ SSD l&ecirc;n đến 512GB ấn tượng.</p>\r\n\r\n<p><strong>Nhiều lựa chọn m&agrave;u sắc</strong></p>\r\n\r\n<p>ASUS VivoBook 15 A512DA - EJ422T l&agrave; sản phẩm đầu ti&ecirc;n trong d&ograve;ng VivoBook được giới thiệu trong năm 2019, hứa hẹn sẽ đem lại nhiều lựa chọn th&uacute; vị đầy phong c&aacute;ch cho giới trẻ. Lựa chọn 4 m&agrave;u sắc Bạc &aacute;nh trăng, X&aacute;m tinh t&uacute;, Xanh khổng tước, Cam san h&ocirc; đầy c&aacute; t&iacute;nh kết hợp c&ugrave;ng thiết kế viền mỏng NanoEdge 4 cạnh m&agrave;n h&igrave;nh cho thiết kế hiện đại v&agrave; năng động.</p>\r\n\r\n<p><img alt=\"\" src=\"https://laptop88.vn/media/lib/4594_2.png\" /></p>\r\n\r\n<p><strong>Cấu h&igrave;nh mạnh mẽ</strong></p>\r\n\r\n<p>ASUS VivoBook 15 A512DA - EJ422T được trang bị cấu h&igrave;nh mạnh mẽ l&ecirc;n đến: Vi xử l&yacute; AMD Ryzen 5-3500U c&ugrave;ng card đồ hoạ AMD Radeon VGA 8 Graphics, lưu trữ SSD 512GB, RAM 8GB cho tốc độ vận h&agrave;nh nhanh ch&oacute;ng v&agrave; xử l&yacute; đa nhiệm hiệu quả.</p>\r\n\r\n<p><img alt=\"\" src=\"https://laptop88.vn/media/lib/4594_3.png\" /></p>\r\n\r\n<p>CPU AMD Ryzen c&oacute; thể c&oacute; phần lạ lẫm với phần đ&ocirc;ng người d&ugrave;ng, tuy nhi&ecirc;n, năm 2019 ch&iacute;nh thức đ&aacute;nh dấu bước ngoặt lớn, khi Intel thua AMD tr&ecirc;n to&agrave;n bộ c&aacute;c sản phẩm CPU của m&igrave;nh. C&aacute;c sản phẩm Ryzen c&oacute; nhiệt độ sử dụng ổn định, card đồ họa t&iacute;ch hợp mạnh gấp đ&ocirc;i, thậm ch&iacute; gấp 3 sản phẩm Intel c&ugrave;ng ph&acirc;n kh&uacute;c</p>\r\n\r\n<p><strong>Cuộc chơi viền m&agrave;n h&igrave;nh</strong></p>\r\n\r\n<p>Lần đầu ti&ecirc;n tr&ecirc;n d&ograve;ng laptop phổ th&ocirc;ng, ASUS VivoBook 15 A512DA - EJ422T trang bị thiết kế viền m&agrave;n h&igrave;nh si&ecirc;u mỏng NanoEdge &aacute;p dụng tr&ecirc;n to&agrave;n bộ 4 cạnh m&agrave;n h&igrave;nh, gi&uacute;p tăng tối đa diện t&iacute;ch khu vực hiển thị l&ecirc;n đến 88% so với th&acirc;n m&aacute;y. Đ&acirc;y cũng l&agrave; tỉ lệ hiển thị lớn nhất so với c&aacute;c sản phẩm kh&aacute;c trong c&ugrave;ng ph&acirc;n kh&uacute;c gi&aacute;. Người d&ugrave;ng VivoBook 14/15 sẽ c&oacute; trải nghiệm nh&igrave;n kh&ocirc;ng giới hạn v&agrave; tận hưởng thiết kế viền mỏng hiện đại hơn bao giờ hết.</p>\r\n\r\n<p><img alt=\"\" src=\"https://laptop88.vn/media/lib/4594_4.png\" /></p>\r\n\r\n<p><strong>C&aacute;c t&iacute;nh năng nổi bật</strong></p>\r\n\r\n<p>Bản lề th&ocirc;ng minh ErgoLift tự động n&acirc;ng b&agrave;n ph&iacute;m l&ecirc;n 2&deg; khi mở m&aacute;y ở g&oacute;c 135&deg;, tạo n&ecirc;n g&oacute;c đ&aacute;nh m&aacute;y thoải m&aacute;i nhất. Kết hợp c&ugrave;ng h&agrave;nh tr&igrave;nh ph&iacute;m 1.4mm, trải nghiệm đ&aacute;nh m&aacute;y tr&ecirc;n ASUS VivoBook 15 A512DA - EJ422T dễ chịu hơn d&ugrave; thời gian l&agrave;m việc k&eacute;o d&agrave;i.</p>\r\n\r\n<p><img alt=\"\" src=\"https://laptop88.vn/media/lib/4594_5.png\" /></p>\r\n\r\n<p>T&iacute;nh năng đăng nhập trong 0.3 gi&acirc;y bằng v&acirc;n tay th&ocirc;ng qua Windows Hello hiện đại tăng cường bảo mật v&agrave; t&iacute;nh tiện lợi cho thiết bị. Kết nối kh&ocirc;ng d&acirc;y tốc độc cao Wi-Fi băng tần k&eacute;p 802.11ac 2x2 c&ugrave;ng Bluetooth 4.2 sẽ hỗ trợ tối đa trong xử l&yacute; c&ocirc;ng việc.</p>\r\n\r\n<p>&Ocirc;ng Harrison Cheng &ndash; Gi&aacute;m đốc ng&agrave;nh h&agrave;ng ASUS Notebook Việt Nam chia sẻ: &ldquo;ASUS VivoBook 15 A512DA - EJ422T ch&iacute;nh l&agrave; mở đầu cho thế hệ ultrabook mới d&agrave;nh cho giới trẻ. Ch&uacute;ng t&ocirc;i đặc biệt mang đến c&aacute;c lựa chọn m&agrave;u sắc độc đ&aacute;o v&agrave; t&aacute;o bạo, khi kết hợp c&ugrave;ng viền m&agrave;n h&igrave;nh mỏng, dung lượng SSD ấn tượng tr&ecirc;n m&aacute;y sẽ đem lại kh&ocirc;ng chỉ thiết bị c&ocirc;ng nghệ hiện đại m&agrave; c&ograve;n l&agrave; tuy&ecirc;n ng&ocirc;n c&aacute; t&iacute;nh đầy thuyết phục của thế hệ millenials.&rdquo;</p>\r\n\r\n<p><strong>Cuộc chơi phong c&aacute;ch</strong></p>\r\n\r\n<p>ASUS VivoBook 15 A512DA - EJ422T l&agrave; sản phẩm đồng h&agrave;nh tuyệt vời cho cuộc chơi lớn của tuổi trẻ. B&ecirc;n cạnh 2 m&agrave;u sắc truyền thống Bạc &aacute;nh trăng v&agrave; X&aacute;m tinh t&uacute;, ASUS đ&atilde; bổ sung 2 lựa chọn m&agrave;u sắc mới độc đ&aacute;o cho bộ đ&ocirc;i ASUS VivoBook 15 A512DA - EJ422T. Trong đ&oacute;, Xanh khổng tước c&oacute; thể thay đổi sắc độ theo g&oacute;c nh&igrave;n v&agrave; &aacute;nh s&aacute;ng t&aacute;c động. Cam san h&ocirc; rực rỡ, nổi bật, thu h&uacute;t mọi &aacute;nh nh&igrave;n &amp; cũng l&agrave; sắc m&agrave;u xu hướng của năm 2019 theo c&ocirc;ng bố của Pantone.</p>\r\n\r\n<p><img alt=\"\" src=\"https://laptop88.vn/media/lib/4594_6.png\" /></p>\r\n\r\n<p>ASUS VivoBook 15 A512DA - EJ422T sở hữu thiết kế nhỏ gọn: mỏng chỉ 19.5mm v&agrave; nhẹ 1.68kg (A512) cho h&agrave;nh trang của giới trẻ th&ecirc;m gọn nhẹ, thỏa sức x&ecirc; dịch.</p>\r\n\r\n<p><strong>Cuộc chơi tốc độ</strong></p>\r\n\r\n<p>ASUS VivoBook 15 A512DA - EJ422T được ASUS trang bị cấu h&igrave;nh tối ưu để gi&uacute;p người d&ugrave;ng trẻ tăng tốc trong c&aacute;c t&aacute;c vụ s&aacute;ng tạo nội dung, giải tr&iacute; đa phương tiện hay l&agrave;m việc chuy&ecirc;n nghiệp mỗi ng&agrave;y.</p>\r\n\r\n<p><img alt=\"\" src=\"https://laptop88.vn/media/lib/4594_7.png\" /></p>\r\n\r\n<p>Lần đầu ti&ecirc;n tr&ecirc;n d&ograve;ng m&aacute;y t&iacute;nh phổ th&ocirc;ng, ASUS trang bị t&ugrave;y chọn SSD PCI-Express tốc độ cao dung lượng l&ecirc;n đến 512GB, đ&acirc;y được xem l&agrave; cấu h&igrave;nh chỉ c&oacute; tr&ecirc;n những d&ograve;ng m&aacute;y cao cấp.</p>\r\n\r\n<p><strong>Dễ d&agrave;ng n&acirc;ng cấp</strong></p>\r\n\r\n<p>Khả năng n&acirc;ng cấp của ASUS VivoBook 15 A512DA - EJ422T cũng rất mạnh mẽ với 1 khe RAM DDR4 trống cho ph&eacute;p người d&ugrave;ng bổ sung tới 16GB RAM cho m&aacute;y t&iacute;nh của m&igrave;nh, một cổng SATA 3 (đối với phi&ecirc;n bản sử dụng SSD PCI-Express) v&agrave; 1 khe M.2 nVME (đối với phi&ecirc;n bản sử dụng ổ cứng).</p>\r\n\r\n<p><img alt=\"\" src=\"https://laptop88.vn/media/lib/4594_8.png\" /></p>\r\n\r\n<p><strong>Kết nối hiện đại</strong></p>\r\n\r\n<p>Cổng kết nối đầy đủ tr&ecirc;n ASUS VivoBook 15 A512DA - EJ422T bao gồm USD type C, USB 3.1, USD 2.0, HDMI v&agrave; Micro SD cho khả năng tương th&iacute;ch với nhiều thiết bị ngoại vi.</p>\r\n\r\n<p><img alt=\"\" src=\"https://laptop88.vn/media/lib/4594_9.png\" /></p>\r\n\r\n<p>Tất cả tạo n&ecirc;n một nền tảng c&ocirc;ng nghệ vững chắc cho cuộc chơi kh&aacute;m ph&aacute; sức mạnh s&aacute;ng tạo th&ecirc;m hứng khởi.</p>\r\n', 89, 28, '2019-10-17 08:01:03'),
(31, 'Macbook Air 13 inch 2015 MJVG2 (Core i5 1.6GHz, RAM 4GB, SSD 256GB, Intel HD Graphics 6000', 'Asus5.jpg', 24000000, 22000000, 1, 200, '<p><strong>Macbook Pro Retina 2015 13 inch - MF840</strong></p>\r\n\r\n<p><strong><img alt=\"\" src=\"https://laptop88.vn/media/lib/4612_1.png\" /></strong></p>\r\n\r\n<p><a href=\"https://laptop88.vn/macbook-pro-retina-13-inch-2015-mf840-core-i5-2.7ghz-ram-8gb-ssd-256gb-intel-iris-graphics-6100-13.3-inch-retina/p4612.html\">Macbook Pro Retina 2015- MF840&nbsp;</a>l&agrave; sản phẩm ti&ecirc;u biểu với nhiều cải tiến lớn trong d&ograve;ng sản phẩm Macbook Pro Retina của Apple. M&agrave;n h&igrave;nh Retina cho trải nghiệm thị gi&aacute;c tuyệt hảo, sử dụng ổ cứng flash tốc độ cao, vi xử l&yacute; Intel mạnh mẽ trong một thiết kế nguy&ecirc;n khối cao cấp v&agrave; sang trọng.</p>\r\n\r\n<p><strong>Thiết kế nguy&ecirc;n khối đẳng cấp</strong></p>\r\n\r\n<p>Vẫn mang thiết kế Unibody nh&ocirc;m nguy&ecirc;n khối truyền thống như những đ&agrave;n anh thế hệ trước. Mọi chi tiết tr&ecirc;n Macbook Pro Retina 13.3&rdquo; 2015 đều được gia c&ocirc;ng tỉ mỉ, liền mạch mang đến một chiếc m&aacute;y vừa sang trọng vừa chắc chắn. Phi&ecirc;n bản Macbook Pro Retina 2015- MF840 cũng đ&atilde; được ho&agrave;n thiện hơn về độ d&agrave;y v&agrave; trọng lượng, mang đến cho bạn một chiếc m&aacute;y chỉ mỏng 1,8 cm v&agrave; nặng 1,58 kg. Chắc chắn thiết kế si&ecirc;u phẩm laptop n&agrave;y sẽ khiến bạn h&agrave;i l&ograve;ng tuyệt đối.</p>\r\n\r\n<p><img alt=\"\" src=\"https://laptop88.vn/media/lib/4612_2.png\" /></p>\r\n\r\n<p>Sự cao cấp của Macbook Pro 2015 c&ograve;n được thể hiện ở đ&egrave;n LED nền đẹp mắt tr&ecirc;n b&agrave;n ph&iacute;m v&agrave; logo Apple ph&aacute;t s&aacute;ng mặt sau m&aacute;y. Những điểm nhấn tr&ecirc;n một chiếc m&aacute;y m&agrave;u bạc qu&yacute; ph&aacute;i kh&ocirc;ng chỉ mang đến cho bạn một sản phẩm c&ocirc;ng nghệ cao m&agrave; c&ograve;n l&agrave; một m&oacute;n đồ thời trang hấp dẫn.</p>\r\n\r\n<p><strong>M&agrave;n h&igrave;nh Retina 13,3 inch</strong></p>\r\n\r\n<p><strong>&nbsp;</strong></p>\r\n\r\n<p>Với hơn 4 triệu điểm ảnh tr&ecirc;n m&agrave;n h&igrave;nh Retina mang lại h&igrave;nh ảnh hiển thị tuyệt đẹp. M&agrave;n h&igrave;nh được thiết kế để đảm bảo cho người d&ugrave;ng kh&ocirc;ng thể thấy được c&aacute;c điểm ảnh ri&ecirc;ng biệt. H&igrave;nh ảnh hiển thị tr&ecirc;n m&agrave;n h&igrave;nh Retina lu&ocirc;n sắc n&eacute;t, r&otilde; r&agrave;ng v&agrave; m&agrave;u sắc sống động, phong ph&uacute;. Đồng thời m&agrave;n h&igrave;nh c&oacute; tỷ lệ tương phản cao v&agrave; c&ocirc;ng nghệ IPS cho ph&eacute;p nh&igrave;n m&agrave;n h&igrave;nh với g&oacute;c rộng l&ecirc;n đến 178 độ.</p>\r\n\r\n<p><img alt=\"\" src=\"https://laptop88.vn/media/lib/4612_3.png\" /></p>\r\n\r\n<p><strong>C&ocirc;ng nghệ Force Touch</strong></p>\r\n\r\n<p><strong>&nbsp;</strong></p>\r\n\r\n<p>B&agrave;n r&ecirc; Force Touch hỗ trợ Multi-touch v&agrave; bổ sung th&ecirc;m c&aacute;c cảm biến lực nhận diện được lực nhấn của b&agrave;n tay tr&ecirc;n Macbook Pro 13 inch l&agrave; một cải tiến đ&aacute;ng kể. Điều n&agrave;y gi&uacute;p cho bạn tương t&aacute;c dễ d&agrave;ng v&agrave; thuận tiện hơn với dữ liệu m&aacute;y t&iacute;nh. Hơn nữa Force Touch c&ograve;n c&oacute; khả năng đưa ra th&ocirc;ng tin phản hồi t&aacute;c động tới b&agrave;n tay của bạn. Do đ&oacute; người d&ugrave;ng giờ đ&acirc;y kh&ocirc;ng những chỉ xem được m&agrave; c&ograve;n cảm nhận được mọi thứ.</p>\r\n\r\n<p>&nbsp;</p>\r\n\r\n<p><strong><img alt=\"\" src=\"https://laptop88.vn/media/lib/4612_4.png\" />B&agrave;n ph&iacute;m dễ d&agrave;ng sử dụng</strong></p>\r\n\r\n<p>Ngo&agrave;i Touchpad c&oacute; trang bị Force Touch với k&iacute;ch thước rộng r&atilde;i, thoải m&aacute;i, Macbook Pro Retina 2015- MF840 c&oacute; b&agrave;n ph&iacute;m rất tiện dụng cũng như c&aacute;ch sử dụng v&agrave; k&iacute;ch thước tương tự như c&aacute;c thế hệ trước. Tuy nhi&ecirc;n c&aacute;c n&uacute;t điều hướng ở g&oacute;c phải Apple thiết kế hơi nhỏ v&agrave; n&oacute; sẽ hơi kh&oacute; khăn đối với những ai c&oacute; b&agrave;n tay to.</p>\r\n\r\n<p>B&agrave;n ph&iacute;m c&oacute; độ đ&agrave;n hồi tốt, nhanh gi&uacute;p người d&ugrave;ng c&oacute; thể đ&aacute;nh ch&iacute;nh x&aacute;c v&agrave; nhanh.</p>\r\n\r\n<p><img alt=\"\" src=\"https://laptop88.vn/media/lib/4612_5.png\" /></p>\r\n\r\n<p><strong>Cấu h&igrave;nh mạnh mẽ</strong></p>\r\n\r\n<p>MacBook Pro Retina 2015- MF840 được trang bị bộ vi xử l&yacute; Intel Core i5 cho ph&eacute;p bạn chạy tất cả c&aacute;c ứng dụng nặng nhất trong suốt qu&aacute; tr&igrave;nh sử dụng. C&ocirc;ng nghệ si&ecirc;u ph&acirc;n luồng Hyper-Threading gi&uacute;p tăng cường hiệu suất bằng c&aacute;ch cho ph&eacute;p mỗi l&otilde;i xử l&yacute; nhiều nhiệm vụ c&ugrave;ng một l&uacute;c. V&agrave; với tốc độ cực nhanh l&ecirc;n đến 2,7 GHz , bộ nhớ cache L3 3MB LB , v&agrave; tốc độ Turbo Boost l&ecirc;n đến 3,1GHz , bộ vi xử l&yacute; lu&ocirc;n sẵn s&agrave;ng cho bất cứ thứ g&igrave; bạn cần. Bộ nhớ RAM 8GB đảm bảo kh&ocirc;ng gian đa nhiệm tuyệt vời.</p>\r\n\r\n<p><img alt=\"\" src=\"https://laptop88.vn/media/lib/4612_6.png\" /></p>\r\n\r\n<p>Hơn nữa, ổ cứng thể rắn SSD 256GB tr&ecirc;n Macbook Pro Retina sẽ cho bạn những trải nghiệm tốc độ ho&agrave;n to&agrave;n kh&aacute;c biệt. Khởi động m&aacute;y mất v&agrave;i gi&acirc;y, chạy ứng dụng gần như ngay lập tức. Tất cả nhờ ổ cứng flash PCle mới với tốc độ đọc v&agrave; ghi dữ liệu nhanh hơn, hiệu quả hơn - nhanh hơn so với MacBook Pro thế hệ trước đến 60%. Ổ cứng flash SSD thể rắn kh&ocirc;ng c&oacute; bất kỳ bộ phận chuyển động n&agrave;o trong ổ n&ecirc;n m&aacute;y hoạt động rất y&ecirc;n tĩnh v&agrave; đặt biệt l&agrave; rất bền bỉ. Đồng thời ổ cứng SSD cực kỳ tiết kiệm năng lượng, cho ph&eacute;p chiếc MacBook Pro của bạn khả năng chờ l&ecirc;n đến một th&aacute;ng m&agrave; kh&ocirc;ng cần cắm sạc.</p>\r\n\r\n<p>&nbsp;</p>\r\n\r\n<p><strong>Kết nối cao cấp, tốc độ cực nhanh</strong></p>\r\n\r\n<p>&nbsp;</p>\r\n\r\n<p>Macbook Pro Retina 2015- MF840 được trang bị những cổng kết nối ti&ecirc;n tiến nhất của Apple với 2 cổng Thunderbolt, 2 cổng USB 3.0, v&agrave; một cổng HDMI, cho ph&eacute;p người sử dụng t&ugrave;y biến linh hoạt trong mục đ&iacute;ch sử dụng, tốc độ cao, hiển thị đẹp, t&iacute;n hiệu ổn định. Nhằm đảm bảo độ mỏng của thiết bị, Apple đ&atilde; cải tiến để cho ra một cổng MagSafe 2 mỏng hơn, đẹp hơn.</p>\r\n\r\n<p>&nbsp;<img alt=\"\" src=\"https://laptop88.vn/media/lib/4612_7.png\" /></p>\r\n\r\n<p><strong>Kết luận</strong></p>\r\n\r\n<p><strong>&nbsp;</strong></p>\r\n\r\n<p>C&oacute; thể khẳng định Macbook Pro Retina 2015- MF840 l&agrave; mẫu m&aacute;y t&iacute;nh m&agrave; sau nhiều năm vẫn l&agrave; một chiếc laptop h&agrave;ng đầu với tất cả c&aacute;c chi tiết cao cấp. Với phần cứng chắc chắn, cấu h&igrave;nh mạnh mẽ, đặc biệt l&agrave; m&agrave;n h&igrave;nh Retina cho h&igrave;nh ảnh xuất sắc th&igrave; chiếc MacBook Pro Retina 2015- MF840 sẽ đ&aacute;p ứng tốt tất cả c&aacute;c nhu cầu c&ocirc;ng việc của bạn.</p>\r\n\r\n<p>&nbsp;</p>\r\n\r\n<p>Tham khảo th&ecirc;m&nbsp;<a href=\"https://laptop88.vn/laptop-cu/c2.html-1?brand=9\">c&aacute;c mẫu Macbook</a>&nbsp;kh&aacute;c</p>\r\n\r\n<p>Tham khảo th&ecirc;m&nbsp;<a href=\"https://laptop88.vn/laptop-cu/c2.html-1?filter=%2C540%2C\">c&aacute;c mẫu laptop c&ugrave;ng ph&acirc;n kh&uacute;c</a>&nbsp;kh&aacute;c</p>\r\n', 108, 24, '2019-10-03 09:47:33'),
(33, 'Macbook Air 13 inch 2012 MD231 (Core i5 1.8GHz, RAM 4GB, SSD 128GB, Intel HD Graphics 4000, 13.3 inch)', 'Asus9.jpg', 23000000, 22500000, 1, 100, '<h2>B&aacute;n Macbook Air 13 inch mid 2012 MD231</h2>\r\n\r\n<p>&nbsp;</p>\r\n\r\n<p><strong><a href=\"https://laptop88.vn/macbook-air-13-inch-mid-2012-md231-core-i5-3427u-4gb-ssd-128gb-intel-hd-graphics-4000-133-inch/p568.html\">Macbook Air 13 inch Mid 2012</a></strong>&nbsp;c&oacute; model l&agrave; MD231, cấu h&igrave;nh cực mạnh với CPU Intel Core i5 Ivy Bridge - xung nhịp tối đa đạt 2.8GHz ở chế độ Turbo Boost. M&aacute;y cực k&igrave; mới, hầu như kh&ocirc;ng xước x&aacute;t g&igrave; cả, tổng thể đạt tr&ecirc;n 95%. M&aacute;y &iacute;t d&ugrave;ng n&ecirc;n pin vẫn c&ograve;n rất tốt, dung lượng hiện tại đạt 5865mAh, bằng 95% so với l&uacute;c xuất xưởng, d&ugrave;ng li&ecirc;n tục được hơn 5 tiếng (Apple c&ocirc;ng bố pin của m&aacute;y c&oacute; thể sử dụng được 7 tiếng). M&aacute;y si&ecirc;u mỏng, si&ecirc;u nhẹ rất sang trọng, th&iacute;ch hợp cho người d&ugrave;ng hay phải di chuyển nhiều. M&aacute;y b&aacute;n c&oacute; tặng k&egrave;m cặp v&agrave; chuột quang, bảo h&agrave;nh nghi&ecirc;m chỉnh 03 th&aacute;ng tại Laptop88.</p>\r\n\r\n<p>&nbsp;</p>\r\n', 21, 24, '2019-10-03 09:53:14'),
(35, '[Mới 100% Full Box] Laptop ASUS Vivobook X505ZA EJ563T - AMD Ryzen 5', 'Asus7.jpg', 12000000, 11000000, 1, 100, '<p><strong>Đ&aacute;nh gi&aacute; chi tiết Asus Vivobook X505ZA EJ563T</strong></p>\r\n\r\n<p>&nbsp;</p>\r\n\r\n<p>Asus Vivobook X505ZA EJ563T l&agrave; sự kết hợp ho&agrave;n hảo giữa vẻ đẹp ho&agrave;n mỹ, hiệu năng ấn tượng c&ugrave;ng nhiều t&iacute;nh năng cao cấp trong tầm gi&aacute; dưới 12 triệu.</p>\r\n\r\n<p>Đ&acirc;y l&agrave; một lựa chọn ho&agrave;n to&agrave;n tuyệt vời cho những bạn học sinh, sinh vi&ecirc;n hay nh&acirc;n vi&ecirc;n l&agrave;m văn ph&ograve;ng.</p>\r\n\r\n<p><strong><strong><img alt=\"\" src=\"https://laptop88.vn/media/lib/4852_unnamed.jpg\" /></strong></strong></p>\r\n\r\n<p>&nbsp;</p>\r\n\r\n<p><strong>Thiết kế ấn tượng, di chuyển dễ d&agrave;ng</strong></p>\r\n\r\n<p><strong><img alt=\"\" src=\"https://laptop88.vn/media/lib/4852_unnamed1.jpg\" /></strong></p>\r\n\r\n<p>Thiết kế của Asus Vivobook X505 ZA EJ563T mỏng v&agrave; nhẹ hơn bao giờ hết với độ mỏng đ&aacute;ng kinh ngạc chỉ 18.9 mm v&agrave; chỉ nặng 1.6 kg tương đương như một chiếc Ultrabook.</p>\r\n\r\n<p>Phần lưng m&aacute;y được thiết kiểu sọc viền ch&igrave;m đơn giản với logo Asus quen thuộc ở ch&iacute;nh giữa. Ta sẽ kh&ocirc;ng thấy c&aacute;c hoa văn tr&ograve;n đồng t&acirc;m kiểu Zen đẹp mắt như tr&ecirc;n c&aacute;c laptop cấp cao hơn của Asus như Zenbook Flip 14. Nh&igrave;n chung, thiết kế b&ecirc;n ngo&agrave;i của X505&nbsp; tr&ocirc;ng sang trọng, tinh tế v&agrave; ph&ugrave; hợp với sinh vi&ecirc;n hay những người văn ph&ograve;ng hay phải di chuyển nhiều.</p>\r\n\r\n<p><strong>Cổng kết nối</strong></p>\r\n\r\n<p>Asus Vivobook X505 ZA EJ563T được trang bị cổng USB 3.1 với đầu nối USB Type-C cho ph&eacute;p kết nối hai chiều gi&uacute;p kết nối c&aacute;c thiết bị nhanh ch&oacute;ng v&agrave; dễ d&agrave;ng. USB 3.1 cho ph&eacute;p truyền dữ liệu ở tốc độ l&ecirc;n đến 5Gbps, nhanh gấp 10 lần kết nối USB 2.0. Bạn c&oacute; thể truyền c&aacute;c tệp ảnh, nhạc v&agrave; video lớn chỉ trong nh&aacute;y mắt. V&iacute; dụ như một bộ phim 2GB chỉ mất chưa đầy 2 gi&acirc;y.</p>\r\n\r\n<p><strong>M&agrave;n h&igrave;nh NanoEdge với viền si&ecirc;u mỏng hiện đại cao cấp</strong></p>\r\n\r\n<p><strong><img alt=\"\" src=\"https://laptop88.vn/media/lib/4852_unnamed.gif\" /></strong></p>\r\n\r\n<p>Viền m&agrave;n h&igrave;nh NanoEdge si&ecirc;u mỏng tr&ecirc;n Vivobook X505ZA EJ563T cho ph&eacute;p m&agrave;n h&igrave;nh 15.6 Inch Full HD nằm vừa vặn trong k&iacute;ch thước khung m&aacute;y v&agrave; chỉ lớn hơn một ch&uacute;t so với c&aacute;c mẫu m&aacute;y t&iacute;nh x&aacute;ch tay 14 inch ti&ecirc;u biểu. Viền m&agrave;n h&igrave;nh NanoEdge mỏng 7.7 mm c&ograve;n đem đến tỷ lệ m&agrave;n h&igrave;nh ngoạn mục tr&ecirc;n th&acirc;n m&aacute;y l&ecirc;n đến 81%, nhờ đ&oacute; bạn được tận hưởng m&agrave;n h&igrave;nh rộng hơn cho trải nghiệm giải tr&iacute; đắm ch&igrave;m.</p>\r\n\r\n<p><strong>C&ocirc;ng nghệ tối ưu h&oacute;a h&igrave;nh ảnh Asus Glam</strong></p>\r\n\r\n<p>X505ZA-EJ563T c&ograve;n trang bị c&ocirc;ng nghệ tối ưu h&oacute;a h&igrave;nh ảnh Asus Glam cung cấp h&igrave;nh ảnh trực quan tốt nhất cho cả l&agrave;m việc v&agrave; giải tr&iacute;. N&oacute; c&oacute; bốn chế độ hiển thị c&oacute; thể được truy cập chỉ bằng một c&uacute; nhấp chuột. Chế độ b&igrave;nh thường l&agrave; l&yacute; tưởng cho c&aacute;c c&ocirc;ng việc h&agrave;ng ng&agrave;y, chế độ sống động tối ưu h&oacute;a độ tương phản để cung cấp h&igrave;nh ảnh v&agrave; video tuyệt vời, chế độ chăm s&oacute;c mắt l&agrave;m giảm mức độ &aacute;nh s&aacute;ng xanh để giảm mỏi mắt v&agrave; chế độ thủ c&ocirc;ng cho ph&eacute;p điều chỉnh m&agrave;u sắc c&aacute; nh&acirc;n.</p>\r\n\r\n<p><strong>Hiệu năng tuyệt vời</strong></p>\r\n\r\n<p>B&ecirc;n cạnh đ&oacute;, X505ZA EJ563T được tiếp sức mạnh từ bộ vi xử l&yacute; AMD Ryzen 5 thế hệ mới nhất, RAM 4GB lại c&ograve;n được Laptop88 tặng th&ecirc;m 4GB RAM cho m&aacute;y c&ugrave;ng l&uacute;c vừa l&agrave;m Word vừa l&agrave;m Excel hay mở chục tab Chrome vẫn mượt m&agrave;, kh&ocirc;ng giật kh&ocirc;ng lag.</p>\r\n\r\n<p>Card đồ họa AMD Radeon Vega 8 c&ograve;n gi&uacute;p m&aacute;y chơi được một số tựa game phổ biến tr&ecirc;n thị trường hiện nay như LOL, CS:GO...</p>\r\n\r\n<p>B&ecirc;n cạnh đấy Laptop88 c&ograve;n free n&acirc;ng cấp SSD 512GB dung lượng lớn gi&uacute;p m&aacute;y tắt mở khởi động, mở ứng dụng, tải ứng dụng chỉ mất v&agrave;i gi&acirc;y.</p>\r\n\r\n<p><strong>C&ocirc;ng nghệ SonicMaster - Mang tới &acirc;m thanh sắc n&eacute;t</strong></p>\r\n\r\n<p>Asus SonicMaster l&agrave; sự kết hợp ho&agrave;n hảo giữa phần cứng, phần mềm v&agrave; khả năng tinh chỉnh &acirc;m thanh được thiết kế nhằm đem đến cho bạn trải nghiệm &acirc;m thanh tốt nhất. Bộ m&atilde; codec cấp chuy&ecirc;n gia đảm bảo m&atilde; h&oacute;a v&agrave; giải m&atilde; &acirc;m thanh ch&iacute;nh x&aacute;c. Trong khi đ&oacute;, c&aacute;c bộ khuếch đại v&agrave; c&aacute;c loa c&ocirc;ng suất lớn c&ugrave;ng với c&aacute;c buồng cộng hưởng đảm bảo mang đến &acirc;m thanh mạnh mẽ v&agrave; &acirc;m trầm s&acirc;u hơn. Qu&aacute; tr&igrave;nh xử l&yacute; v&agrave; tinh chỉnh t&iacute;n hiệu tăng cường gi&uacute;p điều chỉnh từng chi tiết, lọc bỏ tiếng ồn v&agrave; n&acirc;ng cao độ r&otilde; n&eacute;t của &acirc;m th&agrave;nh để bạn thực sự đắm ch&igrave;m trong kh&ocirc;ng gian &acirc;m thanh.</p>\r\n\r\n<p><strong>Pin sạc nhanh an to&agrave;n v&agrave; bền l&acirc;u</strong></p>\r\n\r\n<p>Asus Vivobook X505ZA EJ563T được trang bị c&ocirc;ng nghệ Asus SuperBattery mang đến thời lượng pin d&agrave;i gấp 3 lần so với cấu h&igrave;nh pin Lithium-ion ti&ecirc;u chuẩn. B&ecirc;n cạnh đấy l&agrave; c&ocirc;ng nghệ Asus Battery Health Charging mới, qua đ&oacute; l&agrave;m giảm tốc độ gi&atilde;n nở pin, gi&uacute;p k&eacute;o d&agrave;i tuổi thọ pin. Ngo&agrave;i ra, c&ocirc;ng nghệ sạc nhanh cho ph&eacute;p sạc pin 60% chỉ trong 49 ph&uacute;t.</p>\r\n\r\n<p>Xem th&ecirc;m c&aacute;c mẫu laptop văn ph&ograve;ng mỏng nhẹ, gi&aacute; hợp l&yacute; dưới đ&acirc;y:</p>\r\n\r\n<p><a href=\"https://laptop88.vn/collection/asus-vivobook-a412-a512\">Laptop Asus Vivobook A412 - A512</a>&nbsp;mới 100% - Thiết kế mỏng nhẹ sang trọng, m&agrave;u sắc trendy, nhiều t&iacute;nh năng hiện đại... ph&ugrave; hợp cho học sinh, sinh vi&ecirc;n d&acirc;n văn ph&ograve;ng</p>\r\n\r\n<p><strong>Tổng kết</strong></p>\r\n\r\n<p>Nếu bạn l&agrave; một sinh vi&ecirc;n, nh&acirc;n vi&ecirc;n văn ph&ograve;ng thường xuy&ecirc;n phải di chuyển nhiều v&agrave; cần một chiếc laptop mỏng nhẹ, nhỏ gọn với vẻ ngo&agrave;i sang trọng, hiệu ăn ổn định c&ugrave;ng mức gi&aacute; hợp l&yacute; th&igrave; ASUS Vivobook X505ZA EJ563T bạn kh&ocirc;ng thể bỏ qua.&nbsp;</p>\r\n', 12, 28, '2019-10-03 09:54:38'),
(36, '[Mới 100% Full Box] Laptop ASUS Vivobook X505ZA-EJ493T - AMD Ryzen 3', 'Asus9.jpg', 9500000, 9000000, 1, 120, '<p>Asus Vivobook X505ZA-EJ493T&nbsp;</p>\r\n\r\n<p>Đẹp - Sang trọng - Hiệu năng mạnh mẽ</p>\r\n\r\n<p>&nbsp;</p>\r\n\r\n<p>Những d&ograve;ng laptop của thương hiệu Asus lu&ocirc;n nổi bật với ngoại h&igrave;nh lộng lẫy, sang trọng, c&aacute; t&iacute;nh. V&agrave; khi quyết định tung ra thị trường chiếc laptop Asus Vivobook X505ZA-EJ493T, thương hiệu n&agrave;y một lần nữa khiến người d&ugrave;ng phải trầm trồ về sự tinh tế trong lối thiết kế hiện đại.</p>\r\n\r\n<p><strong><strong>&nbsp;</strong></strong></p>\r\n\r\n<p><strong>Mỏng hơn, hiện đại hơn</strong></p>\r\n\r\n<p><strong><strong>&nbsp;</strong></strong></p>\r\n\r\n<p>Asus Vivobook X505ZA-EJ493T c&oacute; độ d&agrave;y chỉ 19,4mm, trọng lượng chỉ 1,7kg. Với k&iacute;ch thước v&agrave; trọng lượng n&agrave;y, Asus Vivobook X505ZA-EJ493T đặc biệt ph&ugrave; hợp với người d&ugrave;ng thường xuy&ecirc;n phải di chuyển.&nbsp;</p>\r\n\r\n<p>&nbsp;</p>\r\n\r\n<p>Mặc d&ugrave; mỏng, nhẹ nhưng Asus Vivobook X505ZA-EJ493T lại c&oacute; sự bền bỉ đ&aacute;ng kinh ngạc. Thiết kế nguy&ecirc;n khối gi&uacute;p cho chiếc m&aacute;y n&agrave;y c&oacute; được sự chắc chắn tuyệt vời. Phần khung của Asus Vivobook X505ZA-EJ493T kh&aacute; cứng c&aacute;p, c&oacute; khả năng chống va đập tốt.</p>\r\n\r\n<p><strong><strong>&nbsp;</strong></strong></p>\r\n\r\n<p><strong>M&agrave;n h&igrave;nh viền Bezel si&ecirc;u mỏng</strong></p>\r\n\r\n<p>&nbsp;</p>\r\n\r\n<p>Chưa tới 10 triệu đồng m&agrave; Asus Vivobook X505ZA-EJ493T lại sở hữu nhiều đặc điểm cực cao cấp. Ti&ecirc;u biểu trong đ&oacute; l&agrave; m&agrave;n h&igrave;nh NanoEdge viền m&agrave;n h&igrave;nh si&ecirc;u mỏng đưa tới g&oacute;c nh&igrave;n rộng.</p>\r\n\r\n<p>&nbsp;</p>\r\n\r\n<p>Ngo&agrave;i ra, Asus Vivobook X505ZA-EJ493T c&ograve;n được Asus t&iacute;ch hợp c&ocirc;ng nghệ tối ưu h&oacute;a h&igrave;nh ảnh chất lượng cao. Cụ thể, chiếc laptop n&agrave;y c&oacute; tới 4 chế độ hiển thị:</p>\r\n\r\n<ul>\r\n	<li>Chế độ b&igrave;nh thường để phục vụ cho c&aacute;c c&ocirc;ng việc h&agrave;ng ng&agrave;y</li>\r\n	<li>Chế độ sống động tối ưu h&oacute;a độ tương phản phục vụ cực tốt cho nhu cầu giải tr&iacute; của bạn</li>\r\n	<li>Chế độ chăm s&oacute;c mắt cực th&iacute;ch hợp để l&agrave;m việc về đ&ecirc;m</li>\r\n	<li>Chế độ thủ c&ocirc;ng hỗ trợ người d&ugrave;ng t&ugrave;y chỉnh m&agrave;u sắc dựa tr&ecirc;n sở th&iacute;ch c&aacute; nh&acirc;n</li>\r\n</ul>\r\n\r\n<p><strong><strong>&nbsp;</strong></strong></p>\r\n\r\n<p><strong>Khả năng l&agrave;m việc cực ấn tượng</strong></p>\r\n\r\n<p><strong><strong>&nbsp;</strong></strong></p>\r\n\r\n<p>Asus Vivobook X505ZA-EJ493T sở hữu CPU AMD Ryzen 3 thế hệ mới, kết hợp với RAM DDR4, card đồ họa AMD Radeon Vega 3 cho h&igrave;nh ảnh cực sống động v&agrave; trải nghiệm giải tr&iacute; cực tuyệt.</p>\r\n\r\n<p><strong><strong>&nbsp;</strong></strong></p>\r\n\r\n<p>B&ecirc;n cạnh đ&oacute;, hệ thống n&agrave;y c&ograve;n gi&uacute;p người d&ugrave;ng l&agrave;m việc cực nhanh ch&oacute;ng. Với kh&ocirc;ng gian l&agrave;m việc rộng v&agrave; khả năng xử l&yacute; dữ liệu tốc độ cao, chắc chắn hiệu suất l&agrave;m việc của bạn sẽ được cải thiện r&otilde; rệt.</p>\r\n\r\n<p><strong><strong>&nbsp;</strong></strong></p>\r\n\r\n<p>Asus Vivobook X505ZA-EJ493T nguy&ecirc;n bản đ&atilde; tốt, khi mua h&agrave;ng tại Laptop88, bạn c&ograve;n được sở hữu chiếc laptop n&agrave;y với hiệu năng tuyệt vời hơn. Tại sao ư? L&agrave; v&igrave; hiện Laptop88 đang c&oacute; rất nhiều ưu đ&atilde;i đ&iacute;nh k&egrave;m sản phẩm n&agrave;y. Đặc biệt trong đ&oacute; l&agrave;:</p>\r\n\r\n<ul>\r\n	<li>Tặng RAM 4GB</li>\r\n	<li>Free ổ cứng SSD 192GB</li>\r\n	<li>Tặng Balo chống sốc cao cấp v&agrave; rất nhiều phần qu&agrave; hấp dẫn kh&aacute;c</li>\r\n</ul>\r\n\r\n<p>Bỏ ra chưa tới 10 triệu m&agrave; c&oacute; laptop &ldquo;hịn&rdquo; c&ugrave;ng qu&agrave; tặng gi&aacute; trị như vậy th&igrave; thật qu&aacute; tuyệt phải kh&ocirc;ng?</p>\r\n\r\n<p><strong>Kết nối to&agrave;n diện</strong></p>\r\n\r\n<p><strong><strong>&nbsp;</strong></strong></p>\r\n\r\n<p>Bất kỳ chiếc laptop n&agrave;o cũng cần c&oacute; khả năng kết nối với thiết bị ngoại vi. V&agrave; đối với c&aacute;c d&ograve;ng laptop văn ph&ograve;ng th&igrave; c&aacute;c cổng kết nối n&agrave;y c&agrave;ng c&oacute; vai tr&ograve; quan trọng.</p>\r\n\r\n<p><strong><strong>&nbsp;</strong></strong></p>\r\n\r\n<p>Asus Vivobook X505ZA-EJ493T đưa tới cho bạn khả năng kết nối to&agrave;n diện nhất. Chiếc laptop n&agrave;y được trang bị cổng USB 3.1 với đầu nối USB Type-C c&oacute; thể đảo ngược, gi&uacute;p kết nối thuận tiện v&agrave; nhanh ch&oacute;ng hơn. Ngo&agrave;i ra, Asus Vivobook X505ZA-EJ493T c&ograve;n c&oacute; c&aacute;c cổng: HDMI, USB 2.0, LAN RJ45, khe cắm thẻ MicroSD.</p>\r\n\r\n<p><strong><strong>&nbsp;</strong></strong></p>\r\n\r\n<p><strong>Hệ thống &acirc;m thanh đẳng cấp</strong></p>\r\n\r\n<p><strong><strong>&nbsp;</strong></strong></p>\r\n\r\n<p>Với mục ti&ecirc;u đưa tới cho người d&ugrave;ng trải nghiệm giải tr&iacute; tuyệt vời nhất, Asus đ&atilde; trang bị hệ thống &acirc;m thanh Asus SonicMaster v&agrave;o Asus Vivobook X505ZA-EJ493T. Với bộ giải m&atilde; cấp chuy&ecirc;n nghiệp, hệ thống n&agrave;y đảm bảo đưa tới cho bạn chất lượng &acirc;m thanh cực tuyệt vời. N&oacute; cũng cung cấp c&aacute;c c&agrave;i đặt thủ c&ocirc;ng n&ecirc;n ạn ho&agrave;n to&agrave;n c&oacute; thể kiểm so&aacute;t bản phối &acirc;m thanh của m&igrave;nh.&nbsp;</p>\r\n\r\n<p><strong><strong>&nbsp;</strong></strong></p>\r\n\r\n<p><strong>Hệ thống lu&ocirc;n m&aacute;t mẻ d&ugrave; c&oacute; phải hoạt động trong thời gian d&agrave;i</strong></p>\r\n\r\n<p><strong><strong>&nbsp;</strong></strong></p>\r\n\r\n<p>Hệ thống tản nhiệt lu&ocirc;n l&agrave; yếu tố được nhiều người d&ugrave;ng quan t&acirc;m. V&igrave; n&oacute; kh&ocirc;ng chỉ ảnh hưởng trực tiếp tới trải nghiệm m&agrave; c&ograve;n l&agrave; một trong c&aacute;c &ldquo;tem&rdquo; bảo h&agrave;nh cho chất lượng laptop của bạn.</p>\r\n\r\n<p><strong><strong>&nbsp;</strong></strong></p>\r\n\r\n<p>Asus Vivobook X505ZA-EJ493T sở hữu hệ thống tản nhiệt th&ocirc;ng minh, ống dẫn nhiệt mỏng nhằm gi&uacute;p giữ nhiệt độ trung b&igrave;nh của thiết bị ở mức vừa phải. Để chứng thực điều n&agrave;y, ch&uacute;ng t&ocirc;i đ&atilde; thực hiện một b&agrave;i khảo s&aacute;t nhỏ, v&agrave; kết quả nhận được thật đ&aacute;ng ngạc nhi&ecirc;n. D&ugrave; c&oacute; hoạt động với cường độ cao, nhiệt độ của Asus Vivobook X505ZA-EJ493T cũng đạt ngưỡng dưới 36*C. Khi chơi game, nhiệt độ của chiếc laptop n&agrave;y c&oacute; tăng nhưng cũng kh&ocirc;ng đ&aacute;ng kể.</p>\r\n\r\n<p><strong><strong>&nbsp;</strong></strong></p>\r\n\r\n<p><strong>Sạc pin nhanh hơn - Hoạt động l&acirc;u hơn</strong></p>\r\n\r\n<p><strong><strong>&nbsp;</strong></strong></p>\r\n\r\n<p>Asus Vivobook X505ZA-EJ493T được t&iacute;ch hợp c&ocirc;ng nghệ Asus Super Battery gi&uacute;p k&eacute;o d&agrave;i hiệu năng của pin gấp 3 lần c&aacute;c d&ograve;ng laptop th&ocirc;ng thường. Ngo&agrave;i ra, n&oacute; c&ograve;n hỗ trợ sạc nhanh pin tới 60% chỉ trong 49 ph&uacute;t.</p>\r\n\r\n<p><strong>Tổng kết</strong></p>\r\n\r\n<p><strong><strong>&nbsp;</strong></strong></p>\r\n\r\n<p>Với những th&ocirc;ng tin ch&uacute;ng t&ocirc;i vừa đề cập, chắc hẳn nhiều người sẽ rất ngạc nhi&ecirc;n. Điều n&agrave;y cũng dễ hiểu, v&igrave; chẳng ai c&oacute; thể ngờ được một chiếc laptop Fullbox, t&iacute;ch hợp nhiều c&ocirc;ng nghệ hiện đại, khả năng l&agrave;m việc ấn tượng lại c&oacute; gi&aacute; chưa đến 10 triệu đồng. Asus Vivobook X505ZA-EJ493T chắc chắn l&agrave; sản phẩm cực ph&ugrave; hợp với mọi đối tượng người d&ugrave;ng. Nếu bạn muốn mua laptop m&agrave; vẫn chưa t&igrave;m được sản phẩm ph&ugrave; hợp th&igrave; đừng bỏ qua Asus Vivobook X505ZA-EJ493T nh&eacute;!</p>\r\n\r\n<p><strong><strong>&nbsp;</strong></strong></p>\r\n\r\n<p>Mời c&aacute;c bạn tham khảo th&ecirc;m một số d&ograve;ng laptop doanh nh&acirc;n được nhiều kh&aacute;ch h&agrave;ng lựa chọn tại link:</p>\r\n\r\n<p><a href=\"https://laptop88.vn/moi-100-fullbox-laptop-lenovo-ideapad-v330-15ikb-intel-core-i5/p4811.html\">Lenovo Ideapad V330-15IKB</a>: Fullbox, gi&aacute; rẻ, hiệu năng ấn tượng. Tặng RAM 4GB, Free ổ cứng SSD 180GB</p>\r\n\r\n<p><a href=\"https://laptop88.vn/moi-100-fullbox-laptop-lenovo-ideapad-s145-81mv00f1vn-intel-celeron/p4655.html\">Lenovo Ideapad S145 81MV00F1VN</a>: Fullbox, gi&aacute; chỉ 6.490.000đ. Đầy đủ cổng kết nối, xử gọn mọi c&ocirc;ng cụ văn ph&ograve;ng</p>\r\n\r\n<p><strong><a href=\"https://laptop88.vn/laptop-dell-latitude-e5570-intel-core-i5-6300u-ram-8gb-ssd-512gb-intel-hd-graphics-520-15.6-inch-hd/p3984.html\">Dell Latitude E5570</a>: Chip khỏe, xử l&yacute; c&ocirc;ng việc văn ph&ograve;ng cực nhanh gọn. Bền bỉ, cơ động cực cao</strong></p>\r\n', 10, 24, '2019-10-03 09:56:40'),
(39, '[Mới 100% Full box] Laptop Asus S410UN-EB210T - Hàng chính hãng', 'Asus10.jpg', 12000000, 11000000, 1, 100, '<p><strong>LAPTOP ASUS VIVO S410UN: SỬ DỤNG CHIP ĐỜI 8, VIỀN M&Agrave;N H&Igrave;NH NANOEDGE SI&Ecirc;U MỎNG</strong></p>\r\n\r\n<p>Đối với nhu cầu người d&ugrave;ng l&agrave; sinh vi&ecirc;n hoặc nh&acirc;n vi&ecirc;n văn ph&ograve;ng, một chiếc laptop c&ocirc;ng dụng đa năng, c&oacute; thể vừa học, vừa l&agrave;m, vừa chơi l&agrave; lựa chọn cực kỳ hợp l&yacute;. Asus Vivobook S410UN l&agrave; chiếc laptop c&oacute; thể đ&aacute;p ứng mọi ti&ecirc;u ch&iacute; đ&oacute;. M&aacute;y được trang bị một chip xử l&yacute; đời 8 c&ugrave;ng card đồ họa thế hệ mới MX150. Asus c&ograve;n thiết kế S410UN một ngoại h&igrave;nh mỏng nhẹ, c&ugrave;ng m&agrave;n h&igrave;nh được sử dụng c&ocirc;ng nghệ viền NanoEdge mới nhất của h&atilde;ng. Tuy với tất cả t&iacute;nh năng nổi bật tr&ecirc;n, S410UN lại nằm trong tầm gi&aacute; hấp dẫn chỉ 15 triệu đồng. &nbsp;&nbsp;</p>\r\n\r\n<p>H&atilde;y c&ugrave;ng Laptop88 t&igrave;m hiểu v&agrave; đ&aacute;nh gi&aacute; chiếc Laptop Asus Vivobook S410UN n&agrave;y nh&eacute;!</p>\r\n\r\n<p><strong>Cấu h&igrave;nh phi&ecirc;n bản đ&aacute;nh gi&aacute;</strong></p>\r\n\r\n<p>CPU: Intel Core i5-8250U (1.60 Ghz up to 3.40 Ghz, 6M Cache)</p>\r\n\r\n<p>RAM: 4GB DDR4 2133 MHz (1 slot trống- max 12GB)</p>\r\n\r\n<p>Ổ cứng: HDD 1TB</p>\r\n\r\n<p>M&agrave;n h&igrave;nh: 14 Inch Full HD (1920x1080) IPS</p>\r\n\r\n<p>Card đồ họa: NVIDIA GeForce MX150 2GB v&agrave; Intel HD Graphics 620</p>\r\n\r\n<p>Cổng giao tiếp: USB 2.0 x2, USB 3.0 x1, USB Type C x1, HDMI, Khe cắm thẻ Micro SD, Jack 3.5 mm t&iacute;ch hợp.</p>\r\n\r\n<p>Webcam: 640P</p>\r\n\r\n<p>Pin: 42Wh</p>\r\n\r\n<p>&nbsp;</p>\r\n\r\n<p><strong>M&agrave;n h&igrave;nh</strong></p>\r\n\r\n<p>D&ugrave; thuộc ph&acirc;n kh&uacute;c gi&aacute; rẻ chỉ 15 triệu đồng, Vivobook S410UN vẫn được Asus trang bị m&agrave;n h&igrave;nh 14 inch độ ph&acirc;n giải Full HD 1920x1080 pixel v&agrave; tấm nền IPS g&oacute;c nh&igrave;n rộng l&ecirc;n tới 175 độ. Kh&ocirc;ng chỉ vậy, viền m&agrave;n h&igrave;nh của m&aacute;y d&agrave;y chưa tới 8mm &aacute;p dụng c&ocirc;ng nghệ NanoEdge của Asus gi&uacute;p tăng tỷ lệ m&agrave;n h&igrave;nh so với th&acirc;n m&aacute;y l&ecirc;n tới 78,5%.</p>\r\n\r\n<p>Về khả năng hiển thị, Asus Vivobook S410UN l&agrave; một trong những laptop sở hữu m&agrave;n h&igrave;nh chất lượng tốt ở tầm gi&aacute; 15 triệu đồng. Với tấm nền IPS, &aacute;nh s&aacute;ng được hiển thị đồng đều gi&uacute;p cho h&igrave;nh ảnh trở n&ecirc;n sắc n&eacute;t v&agrave; sống động hơn. Tuy vậy, độ bao phủ m&agrave;u của S410UN chỉ ở mức trung b&igrave;nh l&agrave; 57% sRGB v&agrave; 39% AdobeRGB, chiếc laptop n&agrave;y kh&ocirc;ng phải l&agrave; một lựa chọn ph&ugrave; hợp để thực hiện c&aacute;c c&ocirc;ng việc cần sự ch&iacute;nh x&aacute;c cao về m&agrave;u sắc.</p>\r\n\r\n<p>&nbsp;</p>\r\n\r\n<p>Để khắc phục vấn đề tr&ecirc;n, Asus đ&atilde; cho ra mắt tiện &iacute;ch hỗ trợ Splendid, với khả năng chỉnh m&agrave;u nhiều chế độ cho người d&ugrave;ng từ m&agrave;u sắc sinh động đến Eye comfort (ph&ugrave; hợp với mắt người nh&igrave;n). Ngo&agrave;i ra, c&ocirc;ng nghệ Tru2Life Video gi&uacute;p m&agrave;n h&igrave;nh m&aacute;y cải thiện v&agrave; tăng độ tương phản l&ecirc;n tới 150%. C&aacute;c điểm m&agrave;u hiển thị tr&ecirc;n m&agrave;n h&igrave;nh được r&otilde; r&agrave;ng hơn, tăng sự sinh động v&agrave; sắc n&eacute;t của h&igrave;nh ảnh cho người d&ugrave;ng khi giải tr&iacute;, xem video</p>\r\n\r\n<p>Độ s&aacute;ng m&agrave;n h&igrave;nh của S410UN l&agrave; 240 nits, chỉ nằm ở mức trung binh. T&ugrave;y vậy với tấm nền chống ch&oacute;i, chống l&oacute;a, m&aacute;y vẫn ph&ugrave; hợp để người d&ugrave;ng sử dụng ngo&agrave;i trời, chỉ cần tr&aacute;nh những nơi c&oacute; cường độ &aacute;nh s&aacute;ng qu&aacute; lớn.</p>\r\n\r\n<p>N&oacute;i chung, Vivobook S410UN sở hữu m&agrave;n h&igrave;nh chất lượng tốt trong tầm gi&aacute;. M&aacute;y sẽ kh&ocirc;ng l&agrave;m bạn thất vọng khi l&agrave;m việc cũng như giải tr&iacute; với c&aacute;c chương tr&igrave;nh hay bộ phim ưa th&iacute;ch.</p>\r\n\r\n<p>&nbsp;</p>\r\n\r\n<p><strong>Thiết kế</strong></p>\r\n\r\n<p>Nhờ thiết kế v&agrave; c&ocirc;ng nghệ viền m&agrave;n h&igrave;nh si&ecirc;u mỏng NanoEdge, S410UN c&oacute; ngoại h&igrave;nh rất nhỏ gọn. Cho d&ugrave; m&agrave;n h&igrave;nh của m&aacute;y l&ecirc;n l&agrave; 14 inch nhưng k&iacute;ch thước m&aacute;y chỉ bằng với một chiếc laptop 13 inch, với chiều d&agrave;i rộng lần lượt l&agrave; 32,8 x 22,6 cm. B&ecirc;n cạnh đ&oacute;, m&aacute;y chỉ d&agrave;y chưa đến 1,8 cm c&ugrave;ng c&acirc;n nặng l&agrave; 1,3 Kg. Với ngoại h&igrave;nh mỏng nhẹ tiện lợi n&agrave;y, người d&ugrave;ng c&oacute; thể mang m&aacute;y đi mọi nơi, từ trường học đến văn ph&ograve;ng l&agrave;m việc một c&aacute;ch dễ d&agrave;ng. D&ugrave; cho k&iacute;ch thước mỏng nhẹ như vậy, S410UN vẫn c&oacute; kết cấu khung kim loại rất chắc chắn kh&ocirc;ng hề c&oacute; hiện tượng Flex phần bản lề d&agrave;i v&agrave; giữ m&agrave;n h&igrave;nh chắc, kh&ocirc;ng bị rung khi sử dụng nhưng g&oacute;c mở của bản lề chỉ đến 135 độ.</p>\r\n\r\n<p>Đồng bộ S410UN từ vỏ m&aacute;y đến c&aacute;c phần bề mặt đều được l&agrave;m từ nh&ocirc;m, đặc biệt phần nắp m&aacute;y được thiết kế từ nh&ocirc;m phay xước cho người d&ugrave;ng một cảm gi&aacute;c sang trọng, cứng c&aacute;p. Tuy vậy thuộc ph&acirc;n kh&uacute;c gi&aacute; rẻ n&ecirc;n m&aacute;y kh&ocirc;ng được l&agrave;m từ nh&ocirc;m nguy&ecirc;n khối, vẫn c&oacute; một số phần được l&agrave;m từ nhựa để giảm thiểu chi ph&iacute; như viền m&agrave;n h&igrave;nh của m&aacute;y. Vivobook S410UN sẽ c&oacute; 2 lựa chọn về m&agrave;u sắc l&agrave;: V&agrave;ng Đồng v&agrave; X&aacute;m Bạc, để người d&ugrave;ng lựa chọn ph&ugrave; hợp với nhu cầu sử dụng.</p>\r\n\r\n<p>&nbsp;</p>\r\n\r\n<p><strong>B&agrave;n ph&iacute;m &amp; Touchpad</strong></p>\r\n\r\n<p>Asus Vivobook S410UN sỡ hữu b&agrave;n ph&iacute;m chiclet v&agrave; kh&ocirc;ng c&oacute; qu&aacute; nhiều thay đổi so với c&aacute;i model gi&aacute; rẻ m&agrave; h&atilde;ng đ&atilde; từng ra mắt. Layout ph&iacute;m hợp l&yacute; với c&aacute;c ph&iacute;m bấm c&oacute; k&iacute;ch thước to gi&uacute;p người d&ugrave;ng kh&ocirc;ng bị ấn nhầm khi thao t&aacute;c. Khung m&aacute;y chắc chắn n&ecirc;n b&agrave;n ph&iacute;m cũng ho&agrave;n to&agrave;n ko c&oacute; hiện tượng FLex khi sử dụng. Để ph&ugrave; hợp với k&iacute;ch thước nhỏ gọn, m&aacute;y được cắt giảm phần ph&iacute;m số. H&agrave;nh tr&igrave;nh ph&iacute;m n&ocirc;ng, độ phản hồi chỉ ở mức ổn. Người d&ugrave;ng cần đ&aacute;nh m&aacute;y nhiều hoặc kh&oacute; t&iacute;nh sẽ kh&oacute; c&oacute; thể thấy h&agrave;i l&ograve;ng với trải nghiệm b&agrave;n ph&iacute;m của m&aacute;y,.</p>\r\n\r\n<p><strong><strong>&nbsp;<img alt=\"Laptop Asus S410UN-EB210T\" src=\"https://laptop88.vn/media/lib/4166_31418-laptop-asus-s410ub-eb210t--gold--1.jpg\" style=\"height:640px; width:640px\" /></strong></strong></p>\r\n\r\n<p>B&agrave;n ph&iacute;m của S410UN được trang bị đ&egrave;n nền, phục vụ cho người d&ugrave;ng sử dụng trong m&ocirc;i trường thiếu &aacute;nh s&aacute;ng. M&aacute;y c&oacute; 3 chế đ&egrave;n nền ph&iacute;m để lựa chọn hợp l&yacute; với điều kiện sử dụng.</p>\r\n\r\n<p>K&iacute;ch thước Touchpad của m&aacute;y vừa phải 10.5 x 7.3 cm. Bề mặt Touchpad được phủ một lớp sơn giả kim loại để đồng bộ với bề mặt nh&ocirc;m của m&aacute;y. Trải nghiệm di chuột v&agrave; thao t&aacute;c tr&ecirc;n touchpad thoải m&aacute;i, kh&ocirc;ng c&oacute; hiện tượng bị r&iacute;t tay. Người d&ugrave;ng c&ograve;n được hỗ trợ đa điểm với nhiều thao t&aacute;c điều khiển m&aacute;y tiện lợi như vuốt 2 ng&oacute;n để Scroll hay 3 ng&oacute;n l&ecirc;n để trở về m&agrave;n h&igrave;nh ch&iacute;nh.</p>\r\n\r\n<p>&nbsp;</p>\r\n\r\n<p><strong>Cổng kết nối</strong></p>\r\n\r\n<p>Với một thiết kế mỏng nhẹ v&agrave; kh&ocirc;ng phục ch&iacute;nh cho mục đ&iacute;ch c&ocirc;ng việc, S410UN kh&aacute; hạn chế về c&aacute;c cổng kết nối. B&ecirc;n tr&aacute;i m&aacute;y, người d&ugrave;ng sẽ 2 cổng USB 2.0, một đầu đọc thẻ nhớ v&agrave; 2 đ&egrave;n b&aacute;o t&iacute;n hiệu. B&ecirc;n phải m&aacute;y được trang bị một cổng sạc, một cổng USB Type-A 3.0, một cổng HDMI, một cổng USB Type-C 3.0 v&agrave; một jack cắm tai nghe combo.</p>\r\n\r\n<p>&nbsp;</p>\r\n\r\n<p><strong>Hiệu năng</strong></p>\r\n\r\n<p>Được trang bị chip Core i5 8250U thế hệ thứ 8 c&ugrave;ng Card đồ họa mới ra mắt MX150, S410UN c&oacute; cấu h&igrave;nh tương mạnh mẽ, ph&ugrave; hợp với nhu cầu vừa học vừa l&agrave;m vừa chơi của ph&acirc;n kh&uacute;c người d&ugrave;ng được hướng tới. M&aacute;y c&oacute; thể xử l&yacute; dễ d&agrave;ng mọi t&aacute;c vụ văn ph&ograve;ng như Word, Excel, PowerPoint, &hellip; Thử nghiệm m&aacute;y với c&aacute;c phần mềm đồ họa thường gặp trong c&ocirc;ng việc, như Adobe Illustrator, Premiere, &hellip; m&aacute;y vẫn c&oacute; thể hoạt động rất trơn tru. C&aacute;c thao t&aacute;c chỉnh sửa, k&eacute;o thả file, &hellip; kh&ocirc;ng gặp phải hiện tượng lag hay đơ m&aacute;y. Người d&ugrave;ng ho&agrave;n to&agrave;n c&oacute; thể sử m&aacute;y cho c&aacute;c t&aacute;c vụ nặng như dựng video hay chỉnh sửa h&igrave;nh ảnh chất lượng cao.</p>\r\n\r\n<p>Với c&aacute;c mục đ&iacute;ch giải tr&iacute; như chơi game, S410UN c&oacute; thể chiến tốt c&aacute;c Game Online như Li&ecirc;n Minh Huyền Thoại, CSGO, &hellip; Thử nghiệm thực tế m&aacute;y đạt hơn 100 FPS với thiết lập Rất Cao, độ ph&acirc;n giải FullHD tựa game Li&ecirc;n Minh Huyền Thoại. Hơn nữa, người d&ugrave;ng vẫn c&oacute; thể trải nghiệm v&agrave; kh&aacute;m ph&aacute; c&aacute;c tựa Game Offline nặng đ&ocirc; hơn với mức FPS trung b&igrave;nh v&agrave;o khoảng 20 đến 30 ở thiết lập đồ họa thấp nhất. Ch&uacute;ng ta c&oacute; thể thấy rằng Card Đồ Họa thế hệ mới MX150 đ&atilde; l&agrave;m rất tốt nhiệm vụ của m&igrave;nh.</p>\r\n\r\n<p><strong><strong>&nbsp;<img alt=\"Laptop Asus S410UN-EB210T\" src=\"https://laptop88.vn/media/lib/4166_31418_laptop_asus_s410ub-2.jpeg\" style=\"height:272px; width:500px\" /></strong></strong></p>\r\n\r\n<p>B&ecirc;n cạnh đ&oacute;, với ổ cứng HDD 1TB được Asus trang bị sẵn tr&ecirc;n S410UN, người d&ugrave;ng c&oacute; thể thoải m&aacute;i lưu c&aacute;c dữ liệu quan trọng, cần thiết trong c&ocirc;ng việc, học tập. M&aacute;y cũng c&oacute; một khe cắm M.2 c&ograve;n trống, người d&ugrave;ng ho&agrave;n to&agrave;n c&oacute; thể n&acirc;ng cấp m&aacute;y l&ecirc;n SSD M.2 để c&oacute; trải nghiệm sử dụng tuyệt vời hơn.</p>\r\n\r\n<p>Điểm trừ duy nhất về cấu h&igrave;nh của mẫu Vivobook n&agrave;y l&agrave; Asus chỉ trang bị 4GB RAM h&agrave;n thẳng l&ecirc;n Bo mạch chủ của m&aacute;y. Người d&ugrave;ng sẽ cần n&acirc;ng cấp th&ecirc;m RAM để c&oacute; thể sử dụng v&agrave; trải nghiệm thoải m&aacute;i hơn. V&agrave; tối đa khả năng n&acirc;ng cấp của m&aacute;y l&agrave; 12GB RAM, kh&ocirc;ng qu&aacute; nhiều nhưng l&agrave; vừa đủ với laptop trong tầm gi&aacute; n&agrave;y.</p>\r\n\r\n<p>&nbsp;</p>\r\n\r\n<p><strong>Thời lượng pin</strong></p>\r\n\r\n<p>Với thường lượng trung b&igrave;nh sử dụng từ 6 đến 6 tiếng rưỡi cho c&aacute;c t&aacute;c vụ như lướt web, văn ph&ograve;ng đơn giản, Vivobook S410UN c&oacute; một thời lượng pin kh&ocirc;ng qu&aacute; ấn tượng nhưng phục vụ tốt nhu cầu của người sử dụng. Nếu sử dụng với c&aacute;c t&aacute;c vụ nặng hơn như thiết kế đồ họa hoặc chơi game với độ s&aacute;ng 100%, m&aacute;y c&oacute; thể sử dụng khoảng hơn 1 giờ đồng hồ.</p>\r\n\r\n<p>&nbsp;</p>\r\n\r\n<p><strong>Tổng kết</strong></p>\r\n\r\n<p>Asus Vivobook S410UN l&agrave; một trong những lựa chọn nổi bật trong ph&acirc;n kh&uacute;c laptop gi&aacute; rẻ d&agrave;nh cho người d&ugrave;ng vừa học vừa l&agrave;m, cần di chuyển nhiều. M&aacute;y c&oacute; thiết kế mỏng nhẹ, nhỏ gọn với một bộ khung chắc chắn. M&agrave;n h&igrave;nh IPS sử dụng c&ocirc;ng nghệ viền si&ecirc;u mỏng NanoEdge. Hiệu năng mạnh mẽ trong tầm gi&aacute;, đa năng, ph&ugrave; hợp mọi nhu cầu sử dụng. Asus Vivobook S410UN l&agrave; chiếc laptop kh&ocirc;ng n&ecirc;n bỏ qua trong tầm gi&aacute; 15 triệu đồng.</p>\r\n', 6, 28, '2019-10-17 08:11:26');
INSERT INTO `products` (`id_product`, `name_product`, `images`, `price`, `sale`, `special`, `amount`, `detail`, `view`, `id_category`, `create_at`) VALUES
(40, '[Mới 100% Full box] Laptop Asus Vivobook S430UA-EB003T - Hàng chính hãng mới 100%', 'Asus5.jpg', 13000000, 12500000, 1, 100, '<p><strong>Asus Vivobook X407MA - BV169T</strong></p>\r\n\r\n<p><strong>Chiếc laptop mới Fullbox gi&aacute; cực rẻ</strong></p>\r\n\r\n<p>Asus Vivobook X407MA - BV169T l&agrave; một giải ph&aacute;p kh&aacute; ho&agrave;n hảo cho những bạn cần một chiếc laptop mới đ&aacute;p ứng nhu cầu l&agrave;m văn ph&ograve;ng, lướt web xem phim trong mức dưới 7 triệu.</p>\r\n\r\n<p><img alt=\"\" src=\"https://laptop88.vn/media/lib/4164_unnamed1.jpg\" /></p>\r\n\r\n<p>Xem th&ecirc;m c&aacute;c mẫu <a href=\"https://laptop88.vn/laptop-cu/c2.html-1?filter=%2C537%2C&amp;sort=price-asc\">laptop văn ph&ograve;ng gi&aacute; rẻ</a> tại đ&acirc;y:</p>\r\n\r\n<p><a href=\"https://laptop88.vn/moi-100-fullbox-laptop-lenovo-ideapad-s145-81mv00f1vn-intel-celeron/p4655.html\">Laptop Lenovo Ideapad S145 81MV00F1VN</a>&nbsp;- Mới 100% fullbox rẻ nhất trong tầm gi&aacute; 6 triệu, mượt m&agrave; ổn định bền bỉ</p>\r\n\r\n<p><a href=\"https://laptop88.vn/moi-100-full-box-laptop-lenovo-ideapad-330-15ikb-81de01jsvn-hang-chinh-hang/p4533.html\">Laptop Lenovo Ideapad 330-15IKB</a>&nbsp;mới 100% - Card rời, CPU i5 đời 8, RAM 8GB, SSD 480GB mạnh mẽ trong tầm gi&aacute; 11 triệu</p>\r\n\r\n<p><a href=\"https://laptop88.vn/collection/asus-vivobook-a412-a512\">Laptop Asus Vivobook A412 - A512</a>&nbsp;mới 100% - Thiết kế mỏng nhẹ sang trọng, m&agrave;u sắc trendy, nhiều t&iacute;nh năng hiện đại... ph&ugrave; hợp cho học sinh, sinh vi&ecirc;n d&acirc;n văn ph&ograve;ng</p>\r\n\r\n<p><a href=\"https://laptop88.vn/laptop-cu-dell-latitude-e6330-core-i7-3520m-4gb-250gb-intel-hd-graphics-4000-133-inch-bao-hanh-1-nam/p2429.html\">Laptop Dell Latitude E6330</a>&nbsp;- Bền bỉ, cứng c&aacute;p, c&oacute; SSD nhanh ch&oacute;ng, gi&aacute; cực rẻ chỉ hơn 5 triệu</p>\r\n\r\n<p><a href=\"https://laptop88.vn/laptop-cu-hp-elitebook-9480m-core-i5-4310u-4gb-ssd-120gb-hd-graphics-4400-14-inch-bao-hanh-1-nam/p2554.html\">Laptop HP Elitebook 9480m</a> - Sang chảnh, mỏng nhẹ thanh tho&aacute;t như Macbook, hiệu năng mượt m&agrave; ổn định</p>\r\n\r\n<p><a href=\"https://laptop88.vn/laptop-dell-latitude-e7470-intel-core-i5/p3969.html\">Laptop Dell Latitude E7470</a> - Cứng c&aacute;p, sang trọng đậm chất doanh nh&acirc;n, hiệu năng ổn định, đa nhiệm tốt</p>\r\n\r\n<p><a href=\"https://laptop88.vn/laptop-lenovo-thinkpad-x250-intel-core-i5-5300u-ram-4gb-ssd-128gb-intel-hd-graphics-5500-12.5-inch-hd/p4003.html\">Laptop Lenovo Thinkpad X250</a> - Si&ecirc;u bền, chịu lực tốt, ổn định, nhanh, mượt ph&ugrave; hợp với doanh nh&acirc;n</p>\r\n\r\n<p>Xem th&ecirc;m c&aacute;c laptop&nbsp;<a href=\"https://laptop88.vn/laptop-cu/c2.html-1?filter=%2C537%2C&amp;brand=3&amp;sort=price-asc\">Dell văn ph&ograve;ng gi&aacute; rẻ</a>&nbsp;</p>\r\n\r\n<p><strong>Thiết kế</strong></p>\r\n\r\n<p>Asus Vivobook X407MA-BV169T với thiết kế si&ecirc;u di động tối ưu về mỏng nhẹ gi&uacute;p bạn c&oacute; thể l&agrave;m việc v&agrave; giải tr&iacute; một c&aacute;ch hiệu quả ở bất cứ đ&acirc;u.&nbsp;</p>\r\n\r\n<p>Sở hữu thiết kế thanh lịch đẹp mắt, cấu tạo m&aacute;y mỏng nhẹ, m&agrave;u sắc m&aacute;y trẻ trung, sang trọng. C&aacute;c g&oacute;c m&aacute;y bo cong tinh tế cực tiện khi bỏ t&uacute;i x&aacute;ch hay nhẹ nh&agrave;ng để cầm tr&ecirc;n tay, di chuyển.</p>\r\n\r\n<p><img alt=\"\" src=\"https://laptop88.vn/media/lib/4164_unnamed2.png\" /></p>\r\n\r\n<p><strong>M&agrave;n h&igrave;nh</strong></p>\r\n\r\n<p>Để đưa mức gi&aacute; xuống dưới 7 triệu đồng th&igrave; việc Asus cắt giảm một số thứ l&agrave; một điều ho&agrave;n to&agrave;n dễ hiểu. M&agrave;n h&igrave;nh Asus Vivobook X407MA BV169T c&oacute; độ ph&acirc;n giải HD (1366 x 768) c&ugrave;ng tấm nền TN cho h&igrave;nh ảnh hiển thị ở mức b&igrave;nh thường.</p>\r\n\r\n<p><img alt=\"\" src=\"https://laptop88.vn/media/lib/4164_unnamed.jpg\" /></p>\r\n\r\n<p><strong>B&agrave;n ph&iacute;m v&agrave; Touchpad</strong></p>\r\n\r\n<p>Cũng giống như m&agrave;n h&igrave;nh th&igrave; b&agrave;n ph&iacute;m v&agrave; Touchpad của mẫu m&aacute;y n&agrave;y chỉ dừng lại ở mức c&oacute; để d&ugrave;ng được. B&agrave;n ph&iacute;m cũng kh&aacute; &ecirc;m, khoảng c&aacute;ch c&aacute;c ph&iacute;m vừa phải cho trải nghiệm g&otilde; ph&iacute;m thoải m&aacute;i.</p>\r\n\r\n<p><img alt=\"\" src=\"https://laptop88.vn/media/lib/4164_unnamed1.png\" /></p>\r\n\r\n<p>Touchpad kh&aacute; rộng, xử l&yacute; mượt m&agrave; kh&ocirc;ng cần d&ugrave;ng đến chuột ngo&agrave;i.</p>\r\n\r\n<p><strong>Cổng kết nối</strong></p>\r\n\r\n<p>C&aacute;c cạnh b&ecirc;n của laptop trang bị đầy đủ c&aacute;c cổng kết nối mở rộng bao gồm: 1 cổng USB 2.0, 1 cổng USB 3.0, 1 cổng HDMI, cổng sạc, khe đọc thẻ MicroSD cho tới jack cắm tai nghe 3.5 combo. Đ&acirc;y l&agrave; điều cần thiết cho một chiếc m&aacute;y gi&aacute; rẻ bởi khi người d&ugrave;ng mua những chiếc m&aacute;y n&agrave;y th&igrave; sẽ kh&ocirc;ng hề muốn ph&aacute;t sinh kinh ph&iacute; th&ecirc;m khi mua những jack chuyển.</p>\r\n\r\n<p><strong>Hiệu Năng</strong></p>\r\n\r\n<p>Do được định hướng ở ph&acirc;n kh&uacute;c gi&aacute; rẻ do đ&oacute; cấu h&igrave;nh m&aacute;y kh&aacute; khi&ecirc;m tốn khi chỉ sử dụng chip Pentium N5000. Tốc độ của vi xử l&yacute; n&agrave;y tại thời điểm hiện tại vừa đủ để lướt web hay l&agrave;m văn ph&ograve;ng th&ocirc;ng thường<strong>. </strong>Ưu điểm l&agrave; d&ugrave; chỉ c&oacute; mức gi&aacute; dưới 7 triệu đồng nhưng m&aacute;y lại đi k&egrave;m tới 4GB RAM, ổ cứng 1TB dung lượng lớn cho bạn thoải m&aacute;i lưu trữ phim, ảnh hay t&agrave;i liệu l&agrave;m việc.</p>\r\n\r\n<p><img alt=\"\" src=\"https://laptop88.vn/media/lib/4164_14184-asus-x507ma-br059t-1.jpg\" /></p>\r\n\r\n<p><strong>Bảo mật v&acirc;n tay cao cấp</strong></p>\r\n\r\n<p>C&ocirc;ng nghệ cảm biến v&acirc;n tay thường chỉ xuất hiện tr&ecirc;n c&aacute;c d&ograve;ng laptop cao cấp giờ được Asus t&iacute;ch hợp gọn ghẽ v&agrave; ho&agrave;n hảo tr&ecirc;n Asus Vivobook X407MA - BV169T. T&iacute;nh năng Windows Hello tr&ecirc;n Windows 10, chỉ với một chạm bạn sẽ dễ d&agrave;ng đăng nhập v&agrave;o m&agrave;n h&igrave;nh desktop v&agrave; tăng cường khả năng bảo mật cho bạn.</p>\r\n\r\n<p><strong>C&ocirc;ng nghệ Asus Super Battery sạc nhanh v&agrave; bền hơn</strong></p>\r\n\r\n<p>M&aacute;y t&iacute;nh x&aacute;ch tay Asus Vivobook X407MA-BV043T c&oacute; pin Lithium polymer c&oacute; tuổi thọ d&agrave;i hơn 3 lần so với pin lithium-ion ti&ecirc;u chuẩn. C&ocirc;ng nghệ sạc pin mới của ASUS gi&uacute;p k&eacute;o d&agrave;i tuổi thọ pin, giảm tỷ lệ mở rộng của pin v&agrave; gi&uacute;p đảm bảo pin ở trong t&igrave;nh trạng tốt. C&ocirc;ng nghệ sạc nhanh cho ph&eacute;p sạc đến 60% chỉ trong 49 ph&uacute;t.</p>\r\n\r\n<p><strong>Tổng kết</strong></p>\r\n\r\n<p>Nếu như bạn l&agrave; một người đang cần một chiếc m&aacute;y c&oacute; thể đ&aacute;p ứng những nhu cầu cơ bản nhất như lướt web, soạn thảo văn bản nhẹ nh&agrave;ng cũng như kh&ocirc;ng muốn chi qu&aacute; nhiều kinh ph&iacute; cho một chiếc laptop th&igrave; Asus X407MA-BV169T được coi như l&agrave; lựa chọn rất s&aacute;ng gi&aacute; trong ph&acirc;n kh&uacute;c gi&aacute; rẻ.</p>\r\n', 19, 28, '2019-10-03 10:02:33'),
(45, '[Mới 100% Full box] Laptop Asus Vivobook X507UF-EJ074T - Intel Core i7', 'Asus9.jpg', 15890000, 15000000, 1, 211, '<p><strong>Đ&aacute;nh gi&aacute;&nbsp; Laptop Asus&nbsp;X507UF-EJ074T</strong></p>\r\n\r\n<p>ASUS Vivobook X507UF (i7-8550U) l&agrave; chiếc laptop hướng đến đối tượng sinh vi&ecirc;n hoặc những nh&acirc;n vi&ecirc;n văn ph&ograve;ng l&agrave; chủ yếu. Bởi n&oacute; đ&aacute;p ứng rất tốt c&aacute;c nhu cầu giải tr&iacute;, c&ocirc;ng việc v&agrave; học tập cơ bản. V&agrave; điều quan trọng nhất, đ&acirc;y l&agrave; một sự lựa chọn v&ocirc; c&ugrave;ng tiết kiệm hầu bao, đổi lại với một sản phẩm &ldquo;kh&ocirc;ng hề tồi&rdquo; một ch&uacute;t n&agrave;o.</p>\r\n\r\n<p>H&atilde;y c&ugrave;ng nhau điểm qua một số đặc điểm kĩ thuật của Asus Vivobook X507UF (i7-8550U)</p>\r\n\r\n<p><img alt=\"Laptop Asus Vivobook X507UF- EJ077T\" src=\"https://laptop88.vn/media/lib/4163_230ba4ff0224ad65235a2daf793cc7f0.jpg\" style=\"height:461px; width:750px\" /></p>\r\n\r\n<p><strong>Th&ocirc;ng số chi tiết</strong></p>\r\n\r\n<p>CPU: Intel Core i7 - 8550U (4 x 1.6GHz). Turbo: 3.40 GHz<br />\r\nRAM: 1 x 4GB DDR4<br />\r\nSố khe RAM: 2<br />\r\nCard đồ họa:&nbsp;Nvidia MX130&nbsp;<br />\r\nỔ cứng HDD: 1TB SATA 3<br />\r\nM&agrave;n h&igrave;nh: 15.6 Inch Full HD<br />\r\nC&acirc;n nặng: 1.68kg<br />\r\nPin 3 Cells (33Wh)</p>\r\n\r\n<p><strong>Thiết kế nhỏ gọn</strong></p>\r\n\r\n<p>&nbsp;</p>\r\n\r\n<p>Theo đ&aacute;nh gi&aacute; 1 c&aacute;ch tổng quan của m&igrave;nh, thiết kế của Asus Vivobook X507UF kh&ocirc;ng qu&aacute; d&agrave;y cũng kh&ocirc;ng qu&aacute; mỏng, n&oacute; đủ vừa để c&oacute; thể nh&eacute;t vừa hầu hết c&aacute;c balo, cặp l&agrave;m việc (kh&ocirc;ng t&iacute;nh c&aacute;c loại balo hay cặp nhỏ qu&aacute; nh&eacute;), thiết kế tổng qu&aacute;t l&agrave; d&agrave;i 365mm, rộng 266mm v&agrave; độ mỏng 21,9mm. Chất liệu sử dụng để tạo n&ecirc;n bộ khung của chiếc m&aacute;y n&agrave;y l&agrave; nhựa, n&ecirc;n trọng lượng rất nhẹ, chỉ 1.68Kg n&ecirc;n việc bạn cầm tr&ecirc;n tay di chuyển tương đối dễ d&agrave;ng.</p>\r\n\r\n<p>&nbsp;</p>\r\n\r\n<p>Phần lưng m&aacute;y được thiết kếkiểu sọc viền ch&igrave;m đơn giản với logo Asus quen thuộc ở ch&iacute;nh giữa. Ta sẽ kh&ocirc;ng thấy c&aacute;c hoa văn tr&ograve;n đồng t&acirc;m kiểu Zen đẹp mắt như tr&ecirc;n c&aacute;c laptop cấp cao hơn của Asus như Zenbook Flip 14. Nhưng nh&igrave;n chung, thiết kế nh&igrave;n từ b&ecirc;n ngo&agrave;i tr&ocirc;ng vẫn sang trọng, tinh tế v&agrave; ph&ugrave; hợp với mọi đối tượng ti&ecirc;u d&ugrave;ng, trong đ&oacute; đặc biệt l&agrave; sinh vi&ecirc;n.</p>\r\n\r\n<p><strong>Cổng kết nối</strong></p>\r\n\r\n<p><strong><img alt=\"Laptop Asus Vivobook X507UF- EJ077T\" src=\"https://laptop88.vn/media/lib/4163_HASP-ASUS-X507U-BR167T-1-1.jpg\" style=\"height:511px; width:960px\" /></strong></p>\r\n\r\n<p>Cạnh tr&aacute;i của m&aacute;y</p>\r\n\r\n<p>Cạnh phải của m&aacute;y<br />\r\nC&aacute;c cạnh b&ecirc;n của laptop trang bị đầy đủ c&aacute;c cổng kết nối mở rộng bao gồm: 2 cổng USB 2.0, 1 cổng USB 3.0, 1 cổng HDMI, cổng sạc, khe đọc thẻ MicroSD v&agrave; 1 jack cắm 3.5mm tai nghe gi&uacute;p bạn l&agrave;m việc thoải m&aacute;i kh&ocirc;ng cần lo lắng về vấn đề kết nối với c&aacute;c thiết bị ngoại vi.<br />\r\n<br />\r\nPhần đ&aacute;y của m&aacute;y c&oacute; 4 nệm cao su đặt ở 4 g&oacute;c, c&ugrave;ng với đ&oacute; l&agrave; bộ đ&ocirc;i loa được thiết kế hướng xuống ph&iacute;a dưới, điều n&agrave;y sẽ gi&uacute;p khuếch đại &acirc;m thanh hơn so với c&aacute;c loa được thiết kế hướng l&ecirc;n tr&ecirc;n hoặc sang 2 b&ecirc;n.</p>\r\n\r\n<p><strong>M&agrave;n h&igrave;nh</strong></p>\r\n\r\n<p><img alt=\"Laptop Asus Vivobook X507UF- EJ077T\" src=\"https://laptop88.vn/media/lib/4163_laptop-asus-x407ma-bv043t-1.jpeg\" style=\"height:341px; width:500px\" /></p>\r\n\r\n<p>Asus Vivobook X507UF trang bị m&agrave;n h&igrave;nh 15.6 inch với độ ph&acirc;n giải Full HD (1920 x 1080). Hai th&ocirc;ng số n&agrave;y được Asus thiết kế rất hợp l&yacute; gi&uacute;p h&igrave;nh ảnh c&oacute; độ n&eacute;t vừa vặn, trải nghiệm xem phim tuyệt vời. Độ hiển thị của X507UF l&agrave; tốt hơn đối thủ c&ugrave;ng ph&acirc;n kh&uacute;c Dell Vostro 3578 , tuy cả 2 c&oacute; c&ugrave;ng k&iacute;ch thước m&agrave;n h&igrave;nh, nhưng Dell Vostro 3578 lại chỉ c&oacute; độ ph&acirc;n giải HD.</p>\r\n\r\n<p>Với viền mỏng 8,1mm v&agrave; tỷ lệ m&agrave;n h&igrave;nh tr&ecirc;n th&acirc;n m&aacute;y 75,4%, m&agrave;n h&igrave;nh NanoEdge tr&ecirc;n X507UF mang đến cho bạn kh&ocirc;ng gian hiển thị lớn hơn, đem lại trải nghiệm xem phim đắm ch&igrave;m hơn. Ngo&agrave;i ra, viền mỏng NanoEdge cũng l&agrave;m tăng t&iacute;nh thẩm mĩ cho m&aacute;y.<br />\r\nM&agrave;n h&igrave;nh của Asus Vivobook X507UF được trang bị tấm nền IPS chống lo&aacute;, gi&uacute;p bạn l&agrave;m việc ngo&agrave;i trời hiệu quả hơn. Kh&ocirc;ng những vậy, Asus c&ograve;n trang bị th&ecirc;m nhiều c&ocirc;ng nghệ h&igrave;nh ảnh kh&aacute;c như:</p>\r\n\r\n<p>&ndash; C&ocirc;ng nghệ tối ưu h&oacute;a h&igrave;nh ảnh ASUS Splendid với 4 chế độ hiển thị kh&aacute;c nhau: Chế độ Th&ocirc;ng thường l&agrave; lựa chọn l&yacute; tưởng cho c&aacute;c t&aacute;c vụ thường ng&agrave;y; chế độ Sống động sẽ gi&uacute;p tối ưu độ tương phản để đem đến những bức ảnh v&agrave; video tuyệt đẹp; chế độEye Care giảm thiểu &aacute;nh s&aacute;ng xanh dương để tr&aacute;nh mỏi mắt; v&agrave; chế độ Thủ c&ocirc;ng cho ph&eacute;p bạn t&ugrave;y chỉnh m&agrave;u sắc theo sở th&iacute;ch c&aacute; nh&acirc;n.</p>\r\n\r\n<p>&nbsp;</p>\r\n\r\n<p>4 chế độ hiển thị m&agrave;u sắc của ASUS Splendid<br />\r\n&ndash; C&ocirc;ng nghệ ASUS Tru2Life Video: tối ưu h&oacute;a th&ocirc;ng minh từng điểm ảnh trong khung h&igrave;nh video để tăng độ sắc n&eacute;t v&agrave; độ tương phản th&ecirc;m 150%, nhờ đ&oacute; bạn sẽ được tận hưởng chất lượng h&igrave;nh ảnh tốt nhất.</p>\r\n\r\n<p><strong>B&agrave;n ph&iacute;m v&agrave; TouchPad</strong></p>\r\n\r\n<p><img alt=\"Laptop Asus Vivobook X507UF- EJ077T\" src=\"https://laptop88.vn/media/lib/4163_HASP-ASUS-X507U-BR167T-6-1.jpg\" style=\"height:600px; width:956px\" /></p>\r\n\r\n<p>Asus X507UF được trang bị một b&agrave;n ph&iacute;m Full Size với c&aacute;c ph&iacute;m bấm lớn c&oacute; layout được bố tr&iacute; hợp l&yacute;. Việc thiết kế bề mặt ph&iacute;m hơi l&otilde;m xuống cũng g&oacute;p phần cải thiện cảm gi&aacute;c g&otilde; tr&ecirc;n thiết bị. Trải nghiệm sơ bộ, hệ thống ph&iacute;m n&agrave;y đem đến cảm gi&aacute;c g&otilde; tương đối thoải m&aacute;i nhờ h&agrave;nh tr&igrave;nh ph&iacute;m s&acirc;u v&agrave; độ đ&agrave;n hồi tốt, bạn cũng sẽ kh&ocirc;ng mất qu&aacute; nhiều thời gian để l&agrave;m quen với b&agrave;n ph&iacute;m n&agrave;y.</p>\r\n\r\n<p><img alt=\"Laptop Asus Vivobook X507UF- EJ077T\" src=\"https://laptop88.vn/media/lib/4163_images-1-1.jpg\" style=\"height:168px; width:300px\" /></p>\r\n\r\n<p>Touchpad phủ k&iacute;nh của Asus X507UF lớn hơn so với c&aacute;c loại laptop th&ocirc;ng thường gi&uacute;p việc điều khiển trở n&ecirc;n mượt m&agrave; v&agrave; chuẩn x&aacute;c. Hỗ trợ thao t&aacute;c th&ocirc;ng minh như thao t&aacute;c 2 ng&oacute;n, 1 chạm,&hellip; gi&uacute;p bạn giải quyết c&ocirc;ng việc nhanh ch&oacute;ng v&agrave; tiện lợi. V&igrave; bề mặt phủ k&iacute;nh n&ecirc;n cảm gi&aacute;c chạm cũng sẽ bị ảnh hưởng khi tay bạn c&oacute; nhiều mồ h&ocirc;i, v&agrave; n&oacute; cũng dễ bẩn hơn, do vậy bạn n&ecirc;n vệ sinh touchpad thường xuy&ecirc;n h&agrave;ng ng&agrave;y.<br />\r\n<br />\r\nD&ugrave; mức gi&aacute; rất rẻ nhưng Asus Vivobook X507UF vẫn được t&iacute;ch hợp cảm biến v&acirc;n tay một chạm rất tiện lợi. Cảm biến n&agrave;y nằm ở g&oacute;c phải của Touchpad.</p>\r\n\r\n<p><strong>&Acirc;m thanh</strong><br />\r\nVới việc được trang bị hệ thống &acirc;m thanh SonicMaster do ch&iacute;nh Asus nghi&ecirc;n cứu v&agrave; ph&aacute;t triển, Asus Vivobook X507UF đem đến chất lượng &acirc;m thanh c&oacute; thể n&oacute;i l&agrave; rất tốt trong tầm gi&aacute;. &Acirc;m thanh ph&aacute;t ra to v&agrave; r&otilde;, &acirc;m bass d&ugrave; chưa đủ lực nhưng c&oacute; chiều s&acirc;u, mid v&agrave; treble cũng được thể hiện ở mức độ tương đối, từ đ&oacute; đem đến sự thoải m&aacute;i cho người nghe trong từng ho&agrave;n cảnh như xem phim hay giải tr&iacute;.</p>\r\n\r\n<p><strong>Hiệu năng</strong><br />\r\nAsus Vivobook X507UF được trang bị bộ vi xử l&yacute; thế hệ thứ 8 của Intel l&agrave; Core i5-8250U tốc độ 1.6 Ghz (boost l&ecirc;n đến 3.4Ghz) cho khả năng xử l&yacute; t&aacute;c vụ văn ph&ograve;ng, lướt web, xem phim tốt v&agrave; ổn định. M&aacute;y chỉ được trang bị RAM 4 GB DDR4 n&ecirc;n sẽ bị hạn chế khi l&agrave;m việc với nhiều chương tr&igrave;nh hoặc mở nhiều tab Chrome. Ổ cứng HDD c&oacute; dung lượng cao 1 TB thoải m&aacute;i trong việc lưu trữ v&agrave; ph&ugrave; hợp với sinh vi&ecirc;n trong nhu cầu học tập v&agrave; l&agrave;m việc, giải tr&iacute; cơ bản.<br />\r\nViệc trang bị card đồ hoạ rời Nvidia GeForce MX130 sẽ gi&uacute;p m&aacute;y c&oacute; thể chơi được c&aacute;c game đồ hoạ nặng hiện nay như PUBG, The Witcher 3, Assassin&rsquo;s Creed Origins ở c&aacute;c mức thiết lập low đến all low với 30 fps+ khung h&igrave;nh. Tuy nhi&ecirc;n nếu l&agrave;m đồ họa render th&igrave; m&aacute;y sẽ kh&oacute; &ldquo;kham nổi&rdquo;, card MX130 chưa đủ mạnh mẽ để l&agrave;m những c&ocirc;ng việc nặng nhọc như vậy n&ecirc;n m&igrave;nh khuy&ecirc;n nếu bạn l&agrave; d&acirc;n chuy&ecirc;n đồ hoạ th&igrave; bạn n&ecirc;n t&igrave;m đến những d&ograve;ng m&aacute;y cao cấp hơn, v&iacute; dụ như Laptop Acer Predator Helios 300<br />\r\nNhưng Asus Vivobook X507UF c&oacute; 1 ưu điểm đ&oacute; l&agrave; ho&agrave;n to&agrave;n c&oacute; thể n&acirc;ng cấp được cho c&aacute;c nhu cầu l&agrave;m việc cao hơn, Ram c&oacute; thể n&acirc;ng tối đa l&agrave; 16Gb, m&aacute;y cũng hỗ trợ khe M.2 SATA để lắp ổ SSD gi&uacute;p tăng tốc độ đọc ghi.<br />\r\n<br />\r\n<strong>Tản nhiệt</strong></p>\r\n\r\n<p>&nbsp;</p>\r\n\r\n<p>Asus sử dụng C&ocirc;ng nghệ mang t&ecirc;n ASUS IceCool c&oacute; thiết kế bộ điều khiển quạt th&ocirc;ng minh, ống dẫn nhiệt mỏng v&agrave; tinh tế để tạo n&ecirc;n hệ thống tản nhiệt hiệu quả gi&uacute;p duy tr&igrave; nhiệt độ trung b&igrave;nh tr&ecirc;n bề mặt k&ecirc; l&ograve;ng b&agrave;n tay chỉ dưới 36&deg;C &mdash; thấp hơn nhiệt độ cơ thể. Nhờ đ&oacute; bạn c&oacute; thể sử dụng m&aacute;y l&acirc;u m&agrave; nhiệt độ cũng chỉ ở mức ấm chứ chưa thể gọi l&agrave; n&oacute;ng.</p>\r\n\r\n<p><strong>Thời lượng pin</strong><br />\r\nChiếc Asus X507UF n&agrave;y được trang bị vi&ecirc;n pin c&oacute; dung lượng 3 cell sẽ cho thời gian sử dụng m&aacute;y li&ecirc;n tục từ 3-5 giờ đồng hồ. Nếu chỉ sử dụng để lướt web, xem phim, l&agrave;m việc văn ph&ograve;ng như Word, Excel, th&igrave; chiếc Laptop n&agrave;y c&oacute; thể hoạt động li&ecirc;n tục từ 4 giờ trở l&ecirc;n, c&ograve;n nếu chơi game giải tr&iacute; hay xem phim li&ecirc;n tục th&igrave; chỉ khoảng 3 giờ trở lại th&ocirc;i nh&eacute;.<br />\r\nAsus Vivobook X507UF c&ograve;n t&iacute;ch hợp c&ocirc;ng nghệ sạc pin nhanh đến 60% trong v&ograve;ng 49 ph&uacute;t v&agrave; c&ocirc;ng nghệ ASUS SuperBatt đảm bảo tuổi thọ của pin hơn gấp 3 lần so với c&aacute;c loại pin thường kh&aacute;c.<br />\r\n<br />\r\n<strong>Kết luận</strong><br />\r\nQua b&agrave;i đ&aacute;nh gi&aacute; ở tr&ecirc;n, c&aacute; nh&acirc;n người viết cho rằng Asus Vivobook X507UF (i7-8550U) l&agrave; chiếc laptop tầm trung c&oacute; mức gi&aacute; tốt, thiết kế gọn nhẹ, rất ph&ugrave; hợp với c&aacute;c bạn sinh vi&ecirc;n hoặc những người d&ugrave;ng văn ph&ograve;ng nhu cầu kh&ocirc;ng qu&aacute; nặng nề về đồ hoạ hay chơi game. ASUS đ&atilde; l&agrave;m rất tốt trong việc thiết kế 1 sản phẩm &ldquo;Ngon, Bổ, Rẻ&rdquo; như vậy trong tầm gi&aacute;.</p>\r\n\r\n<p><em>Ưu điểm&nbsp;</em><br />\r\n-Thiết kế kh&aacute; tốt,<br />\r\n- K&iacute;ch thước gọn nhẹ<br />\r\n- C&oacute; thể n&acirc;ng cấp RAM v&agrave; SSD để tăng hiệu năng<br />\r\n- Trang bị c&ocirc;ng nghệ sạc nhanh<br />\r\n- Hỗ trợ đầy đủ c&aacute;c cổng kết nối phổ th&ocirc;ng<br />\r\n- M&agrave;n h&igrave;nh hiển thị đẹp<br />\r\n- Tản nhiệt tốt</p>\r\n\r\n<p><em>Nhược điểm</em></p>\r\n\r\n<p>- Thời lượng pin thấp<br />\r\n- RAM &iacute;t&nbsp;</p>\r\n', 25, 28, '2019-10-03 14:38:07'),
(46, 'Laptop Apple MacBook Air 2017 i5 1.8GHz/8GB/128GB (MQD32SA/A)     ', 'Asus10.jpg', 29000000, 27500000, 1, 129, '<p>Chưa c&oacute; th&ocirc;ng tin chi tiết</p>\r\n', 2, 24, '2019-10-03 14:45:18'),
(47, 'Laptop Apple MacBook Air 2018 i5/8GB/128GB (MRE82SA/A)', 'Asus3.jpg', 27000000, 26000000, 1, 219, '<p>chưa c&oacute; th&ocirc;ng tin chi tiết cho sản phẩm n&agrave;y</p>\r\n', 1, 24, '2019-10-17 08:13:25'),
(48, 'Laptop Apple MacBook Air 2018 i5/8GB/256GB (MREF2SA/A)', 'Asus1.jpg', 32000000, 31500000, 1, 299, '<p>Chưa c&oacute; th&ocirc;ng tin chi tiết</p>\r\n', 4, 24, '2019-10-03 14:46:59'),
(51, 'Dell Inspiron G7 N7591/Core i5-9300H/N5I5591W', 'Asus5.jpg', 12000000, 11500000, 1, 211, '<h3>Đ&aacute;nh gi&aacute; chi tiết Dell Inspiron G7 N7591/Core i5-9300H/N5I5591W</h3>\r\n\r\n<p><strong>Nằm ở ph&acirc;n kh&uacute;c laptop cao cấp, Dell Inspiron N7591 l&agrave; phương tiện l&agrave;m việc l&yacute; tưởng của những doanh nh&acirc;n th&agrave;nh đạt khi sở hữu thiết kế cơ động, m&agrave;n h&igrave;nh lớn v&agrave; hiệu năng cực đỉnh.</strong></p>\r\n\r\n<p><strong><img alt=\"Dell Inspiron N7591\" src=\"https://fptshop.com.vn/Uploads/images/2015/Tin-Tuc/QuanLNH2/dell-7591-10.jpg\" /></strong></p>\r\n\r\n<h3><strong>Thiết kế sang trọng lịch l&atilde;m, si&ecirc;u gọn nhẹ</strong></h3>\r\n\r\n<p>Dell Inspiron N7591 được chế t&aacute;c như một t&aacute;c phẩm nghệ thuật khi sở hữu ngoại h&igrave;nh rất thanh lịch, mỏng nhẹ đến kh&ocirc;ng ngờ. To&agrave;n th&acirc;n laptop c&oacute; m&agrave;u trắng bạc thời trang, ho&agrave;n thiện chắc chắn v&agrave; v&aacute;t mỏng đều ở c&aacute;c g&oacute;c cạnh. Trọng lượng m&aacute;y chỉ chưa đến 2kg, rất nhẹ đối với một chiếc m&aacute;y t&iacute;nh m&agrave;n h&igrave;nh 15,6 inch hiệu năng cao. Bạn c&oacute; thể dễ d&agrave;ng mang Dell N7591 đi bất cứ đ&acirc;u nhờ t&iacute;nh si&ecirc;u di động của m&aacute;y.</p>\r\n\r\n<p><img alt=\"thiết kế Dell Inspiron N7591\" src=\"https://fptshop.com.vn/Uploads/images/2015/Tin-Tuc/QuanLNH2/dell-7591-5.jpg\" /></p>\r\n\r\n<h3><strong>M&agrave;n h&igrave;nh lớn 15,6 inch tr&agrave;n viền ho&agrave;n hảo</strong></h3>\r\n\r\n<p>L&agrave; một chiếc laptop cao cấp, Dell Inspiron N7591 sở hữu m&agrave;n h&igrave;nh rất ấn tượng. M&agrave;n h&igrave;nh n&agrave;y c&oacute; k&iacute;ch thước 15,6 inch độ ph&acirc;n giải Full HD sắc n&eacute;t, viền mỏng đều ở tất cả c&aacute;c cạnh b&ecirc;n. Khi bạn xem video, h&igrave;nh ảnh sống động như thế giới thực, m&agrave;u sắc phong ph&uacute; v&agrave; rực rỡ, cho bạn đắm ch&igrave;m v&agrave;o những bộ phim y&ecirc;u th&iacute;ch. B&ecirc;n cạnh m&agrave;n h&igrave;nh xuất sắc, hệ thống &acirc;m thanh Waves MaxxAudio Pro cho chất lượng &acirc;m thanh lớn, r&otilde; r&agrave;ng, sắc n&eacute;t như trải nghiệm ph&ograve;ng thu. Tất cả sẽ mang đến trải nghiệm giải tr&iacute; ho&agrave;n hảo.</p>\r\n\r\n<p><img alt=\"màn hình Dell Inspiron N7591\" src=\"https://fptshop.com.vn/Uploads/images/2015/Tin-Tuc/QuanLNH2/dell-7591-8.jpg\" /></p>\r\n\r\n<h3><strong>Ấn tượng với bộ vi xử l&yacute; Intel thế hệ thứ 9</strong></h3>\r\n\r\n<p>Dell Inspiron N7591 một trong những laptop đầu ti&ecirc;n được trang bị bộ vi xử l&yacute; Intel Core i5 thế hệ thứ 9. Con chip 9300H tr&ecirc;n Dell N7591 c&oacute; 4 nh&acirc;n 8 luồng, bộ nhớ đệm 8MB SmartCache v&agrave; tốc độ CPU 2.4GHz &ndash; 4.1GHz. Với bộ vi xử l&yacute; n&agrave;y, Dell Inspiron N7591 c&oacute; khả năng xử l&yacute; mượt m&agrave;, nhanh ch&oacute;ng mọi t&aacute;c vụ. Đi c&ugrave;ng với con chip mạnh mẽ, laptop c&oacute; sẵn 8GB RAM DDR4 v&agrave; 2 khe cắm RAM, xử l&yacute; đa nhiệm ho&agrave;n hảo, dễ d&agrave;ng n&acirc;ng cấp.</p>\r\n\r\n<h3><strong>Card rời mạnh mẽ, đồ họa v&agrave; chơi game hiệu quả</strong></h3>\r\n\r\n<p>L&agrave; chiếc laptop phục vụ cho c&ocirc;ng việc, Dell Inspiron N7591 đủ sức để giải quyết những t&aacute;c vụ phức tạp như xử l&yacute; đồ họa. C&oacute; sẵn card rời NVIDIA GeForce GTX 1050 v&ocirc; c&ugrave;ng mạnh mẽ, Dell N7591 kh&ocirc;ng chỉ chạy tốt những phần mềm đồ họa chuy&ecirc;n s&acirc;u m&agrave; c&ograve;n chơi được những tựa game đ&ograve;i hỏi cấu h&igrave;nh cao tr&ecirc;n m&aacute;y t&iacute;nh. D&ugrave; l&agrave; bất cứ t&aacute;c vụ n&agrave;o, Dell Inspiron 7591 cũng ho&agrave;n th&agrave;nh xuất sắc nhờ hiệu năng l&yacute; tưởng.</p>\r\n\r\n<p><img alt=\"card màn hình Dell Inspiron N7591\" src=\"https://fptshop.com.vn/Uploads/images/2015/Tin-Tuc/QuanLNH2/dell-7591-1.jpg\" /></p>\r\n\r\n<h3><strong>Sự kh&aacute;c biệt từ ổ cứng SSD thế hệ mới</strong></h3>\r\n\r\n<p>Dell Inspiron N7591 sử dụng ổ cứng thể rắn SSD cao cấp, cho tốc độ truyền dữ liệu nhanh hơn, vận h&agrave;nh &ecirc;m &aacute;i v&agrave; độ bền vượt trội so với ổ cứng HDD th&ocirc;ng thường. B&ecirc;n cạnh 256GB SSD sẵn c&oacute;, bạn c&ograve;n c&oacute; thể n&acirc;ng cấp dễ d&agrave;ng bằng c&aacute;ch lắp th&ecirc;m ổ cứng để tăng cường kh&ocirc;ng gian lưu trữ.</p>\r\n\r\n<p><img alt=\"ổ cứng Dell Inspiron N7591\" src=\"https://fptshop.com.vn/Uploads/images/2015/Tin-Tuc/QuanLNH2/dell-7591-9.jpg\" /></p>\r\n\r\n<h3><strong>Tản nhiệt th&ocirc;ng minh</strong></h3>\r\n\r\n<p>Với một chiếc laptop thiết kế mỏng cấu h&igrave;nh cao th&igrave; tản nhiệt lu&ocirc;n l&agrave; vấn đề nan giải. Tuy nhi&ecirc;n bạn kh&ocirc;ng cần phải lo lắng về tản nhiệt tr&ecirc;n Dell Inspiron N7591. Nhờ hai ống tản nhiệt th&ocirc;ng minh chạy xung quanh c&aacute;c linh kiện quan trọng v&agrave; hệ thống quạt k&eacute;p, laptop lu&ocirc;n lu&ocirc;n m&aacute;t mẻ, đảm bảo hiệu suất ổn định d&ugrave; sử dụng trong thời gian d&agrave;i. Ngo&agrave;i ra, thiết kế bản lề tinh tế của Dell N7591 n&acirc;ng nhẹ laptop l&ecirc;n một ch&uacute;t so với mặt b&agrave;n, tăng cường khả năng lưu th&ocirc;ng kh&ocirc;ng kh&iacute;, mang đến khả năng tản nhiệt hiệu quả hơn.</p>\r\n\r\n<p><img alt=\"tản nhiệt Dell Inspiron N7591\" src=\"https://fptshop.com.vn/Uploads/images/2015/Tin-Tuc/QuanLNH2/dell-7591-11.jpg\" /></p>\r\n\r\n<h3><strong>Cổng kết nối Thunderbolt 3 ti&ecirc;n tiến</strong></h3>\r\n\r\n<p>Cổng USB Type-C hỗ trợ Thunderbolt 3 tr&ecirc;n Dell N7591 l&agrave; cổng kết nối ưu việt bậc nhất hiện nay. Bạn c&oacute; thể sạc laptop, kết nối nhiều thiết bị với tốc độ truyền dữ liệu l&ecirc;n tới 40Gbps, gấp 8 lần so với USB 3.1 Gen 1. Ngo&agrave;i ra, Dell Inspiron 7591 vẫn c&oacute; đầy đủ c&aacute;c cổng kết nối hỗ trợ c&ocirc;ng việc như USB 3.1 Gen 1, HDMI, cổng mạng, Headphone, Display, &hellip;</p>\r\n\r\n<p><img alt=\"kết nối Dell Inspiron N7591\" src=\"https://fptshop.com.vn/Uploads/images/2015/Tin-Tuc/QuanLNH2/dell-7591-6.jpg\" /></p>\r\n\r\n<h3><strong>Người bạn đồng h&agrave;nh đ&aacute;ng tin cậy</strong></h3>\r\n\r\n<p>Dell Inspiron 7591 được thiết kế để l&agrave;m người đồng h&agrave;nh lu&ocirc;n lu&ocirc;n hiểu bạn muốn g&igrave;. Hệ thống cảm biến sẽ nhận diện bạn đang cầm laptop trong tay, để tr&ecirc;n đ&ugrave;i hay tr&ecirc;n b&agrave;n. Khi bạn đặt m&aacute;y tr&ecirc;n đ&ugrave;i, laptop sẽ giảm nhiệt độ, kh&ocirc;ng l&agrave;m bạn kh&oacute; chịu v&igrave; m&aacute;y n&oacute;ng. C&ograve;n khi bạn để m&aacute;y t&iacute;nh tr&ecirc;n b&agrave;n, to&agrave;n bộ sức mạnh sẽ được giải ph&oacute;ng để bạn c&oacute; được hiệu suất l&agrave;m việc tối đa.</p>\r\n\r\n<p><img alt=\"bạn đồng hành Dell Inspiron N7591\" src=\"https://fptshop.com.vn/Uploads/images/2015/Tin-Tuc/QuanLNH2/dell-7591-2.jpg\" /></p>\r\n\r\n<h3><strong>Mở kh&oacute;a nhanh ch&oacute;ng sau một chạm</strong></h3>\r\n\r\n<p>Một đầu đọc v&acirc;n tay được t&iacute;ch hợp ngay tr&ecirc;n ph&iacute;m nguồn của Dell N7591, cho ph&eacute;p bạn mở kh&oacute;a v&agrave; đăng nhập chỉ sau một lần chạm. Kh&ocirc;ng cần nhập mật khẩu v&agrave; đảm bảo an to&agrave;n, Dell Inspiron 7591 lu&ocirc;n khiến bạn y&ecirc;n t&acirc;m về bảo mật.</p>\r\n\r\n<p>&nbsp;</p>\r\n', 11, 33, '2019-10-06 01:22:52'),
(52, 'Máy macbook', 'Asus9.jpg', 12000000, 11000000, 0, 211, '<p>fdsafdfdsfdsfsdfdsfdsfdsfdsfdfdsfda</p>\r\n', 2, 24, '2019-10-07 03:05:18'),
(53, 'Máy tính Dell Zenfone Live L1 (2GB/16GB) - Chính hãng - Bảo hành từ Dell', 'Asus12.jpg', 12000000, 11000000, 0, 129, '<p>Thiết kế đơn giản Asus Zenfone Live L1 sở hữu thiết kế kh&aacute; quen thuộc của những chiếc smartphone gi&aacute; rẻ với chất liệu nhựa. M&agrave;u sắc thời trang C&aacute;c g&oacute;c cạnh được bo cong mềm mại cho cảm gi&aacute;c cầm nắm thoải m&aacute;i. Thiết kế thon gọn, dễ cầm nắm Mặt lưng được ho&agrave;n thiện nh&aacute;m gi&uacute;p cầm nắm chắc chắn cũng như hạn chế mồ h&ocirc;i v&agrave; dấu v&acirc;n tay để lại. M&agrave;n h&igrave;nh hiển thị tốt Tuy l&agrave; smartphone gi&aacute; rẻ nhưng Asus Zenfone Live L1 vẫn sở hữu tỉ lệ 18:9 thời thượng với k&iacute;ch thước 5.5 inch. M&agrave;n h&igrave;nh tr&agrave;n viền theo xu thế M&agrave;n h&igrave;nh n&agrave;y sử dụng c&ocirc;ng nghệ tấm nền IPS LCD n&ecirc;n mang tới khả năng hiển thị m&agrave;u sắc kh&aacute; trung thực v&agrave; c&oacute; độ ph&acirc;n giải đạt chuẩn HD+ (1.440 x 720 pixels). Hiệu năng đủ d&ugrave;ng Zenfone Live L1 n&agrave;y hoạt động tr&ecirc;n nền tảng Android 8.0 Oreo (Go edition) với giao diện người d&ugrave;ng ZenUI 5.0 v&agrave; được cung cấp sức mạnh bởi chipset Snapdragon 425.</p>\r\n', 8, 33, '2019-10-06 02:52:58'),
(55, 'Máy macbook', 'Asus10.jpg', 12000000, 11000000, 0, 21000000, '<p>chưa c&oacute; th&ocirc;ng tin chi tiết</p>\r\n', 0, 39, '2019-10-15 02:34:58'),
(57, '[Mới 100% Full Box] Laptop Asus FX705DD AU059T - Ryzen 7 3750H', 'Asus4.png', 12300000, 12000000, 1, 100, '<p>Chưa c&oacute; th&ocirc;ng tin</p>\r\n', 27, 28, '2019-10-03 14:42:42'),
(58, '[Mới 100% Full Box] Laptop Gaming Dell ROG Strix Scar III G531G-WAZ209T - Intel Core i7', 'Asus10.jpg', 12000000, 11000000, 1, 211, '<p>Chưa c&oacute; th&ocirc;ng tin</p>\r\n', 2, 33, '2019-10-06 02:49:39'),
(77, 'Sam sung máy mới 100% chất lượng nhập khẩu ngoài nước', 'wordpress.png', 12000000, 11000000, 0, 122, '<p>Chưa c&oacute; th&ocirc;ng tin chi tiết</p>\r\n', 14, 34, '2019-10-17 08:13:51'),
(78, 'Macbook Pro 2016 Touchbar Cũ - MNQF2 - Intel core i5 3.1 GHZ / 8GB / 500GB/ Intel Iris Graphics 550/ 2K', 'Asus10.jpg', 28000000, 27000000, 1, 100, '<p><strong>MacBook Pro Touchbar 2016 - Mỏng nhẹ hơn, mạnh mẽ hơn</strong></p>\r\n\r\n<p>&nbsp;<img alt=\"\" src=\"https://laptop88.vn/media/lib/4760_1.png\" /></p>\r\n\r\n<p><a href=\"https://laptop88.vn/macbook-pro-2016-touchbar-cu-mnqf2-intel-core-i5-3.1-ghz-/-8gb-/-500gb/-intel-iris-graphics-550/-2k/p4760.html\">MacBook Pro 2016</a> mang lại rất nhiều cảm hứng cho người dung. Nhanh hơn, mạnh mẽ hơn, mỏng hơn v&agrave; nhẹ hơn. Đặc biệt l&agrave; sự xuất hiện của thanh Touch Bar &ndash; L&agrave; một dải cảm ứng cho ph&eacute;p truy cập nhanh c&ocirc;ng cụ.</p>\r\n\r\n<p><strong>Thiết kế</strong></p>\r\n\r\n<p>Apple chưa bao giờ l&agrave;m người d&ugrave;ng thất vọng về c&aacute;c sản phẩm của m&igrave;nh, Macbook pro 2016 cũng kh&ocirc;ng ngoại lệ. Ngay khi cầm tr&ecirc;n tay Macbook pro 2016 sẽ cho bạn ngay cảm gi&aacute;c m&aacute;t tay bởi chất liệu vỏ nh&ocirc;m truyền thống sang trọng, thiết kế thay đổi kh&ocirc;ng nhiều so với c&aacute;c thế hệ trước nhưng được tối ưu h&oacute;a để bạn c&oacute; thể ph&acirc;n&nbsp; biệt được ngay từ c&aacute;i nh&igrave;n đầu ti&ecirc;n đ&oacute; l&agrave; Macbook pro 2016 mỏng hơn, nhẹ hơn v&agrave; cực k&igrave; nam t&iacute;nh. MacBook Pro 2016 bản 13 inch c&oacute; độ d&agrave;y 14,9 mm v&agrave; nặng 1,37 kg.</p>\r\n\r\n<p>Logo quả t&aacute;o kh&ocirc;ng ph&aacute;t s&aacute;ng l&agrave; điểm đ&aacute;ng tiếc đầu ti&ecirc;n. C&oacute; thể l&agrave; Apple đ&atilde; phải hy sinh để đạt được độ mỏng cho thiết kế mới. Ngo&agrave;i ra, Apple cũng bỏ đi to&agrave;n bộ c&aacute;c kết nối th&ocirc;ng dụng như USB, HDMI, MagSafe, khe cắm thẻ SD v&agrave; chỉ sử dụng duy nhất 4 cổng USB Type-C. USB Type-C l&agrave; cổng kết nối ti&ecirc;n tiến, lại c&oacute; k&iacute;ch thước rất gọn nhưng c&oacute; lẽ trong tương lai th&igrave; n&oacute; mới trở n&ecirc;n phổ biến.</p>\r\n\r\n<p>&nbsp;<img alt=\"\" src=\"https://laptop88.vn/media/lib/4760_2.png\" /></p>\r\n\r\n<p><strong>B&agrave;n ph&iacute;m v&agrave; Trackpad</strong></p>\r\n\r\n<p>&nbsp;</p>\r\n\r\n<p>MacBook Pro 2016 đ&atilde; cải tiến b&agrave;n ph&iacute;m th&agrave;nh dạng giống như MacBook 12 inch, cho cảm gi&aacute;c g&otilde; th&iacute;ch hơn thế hệ cũ. Bạn sẽ mất một thời gian đểm l&agrave;m quen, nhưng nếu đ&atilde; quen với kiểu b&agrave;n ph&iacute;m m&agrave; Apple gọi l&agrave; cơ chế Butterfly 2 n&agrave;y th&igrave; bạn sẽ kh&ocirc;ng th&iacute;ch g&otilde; một b&agrave;n ph&iacute;m laptop n&agrave;o kh&aacute;c nữa.</p>\r\n\r\n<p>&nbsp;<img alt=\"\" src=\"https://laptop88.vn/media/lib/4760_3.png\" /></p>\r\n\r\n<p>Trackpad mới tr&ecirc;n MacBook Pro 13 inch 2016 v&agrave; MacBook Pro 15 inch 2016 cũng được n&acirc;ng cấp đ&aacute;ng kể với diện t&iacute;ch lớn gấp đ&ocirc;i, gi&uacute;p người d&ugrave;ng di chuột thoải m&aacute;i hơn. Trackpad n&agrave;y sử dụng c&ocirc;ng nghệ cảm ứng lực Force Touch, nghĩa l&agrave; khi bạn nhấn v&agrave;o th&igrave; Trackpad kh&ocirc;ng l&uacute;n xuống m&agrave; c&oacute; chuyển động rung (giống như m&agrave;n h&igrave;nh 3D Touch tr&ecirc;n iPhone).</p>\r\n\r\n<p>&nbsp;</p>\r\n\r\n<p><strong>M&agrave;n h&igrave;nh Retina sắc n&eacute;t</strong></p>\r\n\r\n<p>Vẫn l&agrave; m&agrave;n h&igrave;nh Retina c&oacute; độ ph&acirc;n giải 2K (2048 &times; 1536), nhưng tr&ecirc;n MacBook Pro 2016, độ s&aacute;ng đ&atilde; được n&acirc;ng l&ecirc;n hơn 67%, độ tương phản cao hơn 67% v&agrave; khả năng hiển thị m&agrave;u sắc cũng tốt hơn 25%. C&oacute; thể n&oacute;i khả năng hiển thị tr&ecirc;n MacBook Pro đ&atilde; tốt nay c&agrave;ng tốt hơn. Đ&acirc;y thực sự l&agrave; một thiết bị ho&agrave;n hảo để phục vụ cho nhu cầu chỉnh sửa ảnh cũng như cho c&aacute;c hoạt động giải tr&iacute; đa phương tiện cần một m&agrave;n h&igrave;nh chất lượng cao.</p>\r\n\r\n<p>&nbsp;<img alt=\"\" src=\"https://laptop88.vn/media/lib/4760_4.png\" /></p>\r\n\r\n<p><strong>T&iacute;ch hợp cảm biến v&acirc;n tay Touch ID</strong></p>\r\n\r\n<p>&nbsp;</p>\r\n\r\n<p>Cảm biến v&acirc;n tay Touch ID thế hệ 2 tr&ecirc;n iPhone v&agrave; iPad giờ đ&acirc;y đ&atilde; ch&iacute;nh thức được mang l&ecirc;n MacBook Pro 2016 nhằm gi&uacute;p người d&ugrave;ng mở m&aacute;y nhanh ch&oacute;ng hơn, tiện dụng hơn v&agrave; khả năng bảo mật cao hơn. To&agrave;n bộ th&ocirc;ng tin về dấu v&acirc;n tay của bạn sẽ được m&aacute;y m&atilde; ho&aacute; v&agrave; lưu trữ b&ecirc;n trong con chip Apple T1. Ngo&agrave;i ra, cảm biến v&acirc;n tay n&agrave;y c&ograve;n được bảo vệ bởi lớp k&iacute;nh Sapphire gi&uacute;p chống trầy xước cực kỳ hiệu quả v&agrave; c&oacute; khả năng thanh to&aacute;n trực tuyến qua Apple Pay, thật tuyệt vời.</p>\r\n\r\n<p><img alt=\"\" src=\"https://laptop88.vn/media/lib/4760_5.png\" /></p>\r\n\r\n<p><strong>Hiệu suất tuyệt vời</strong></p>\r\n\r\n<p>Sản phẩm sở hữu bộ xử l&yacute; Intel Core i5 thế hệ 6 xung nhịp cao, với 8GB RAM LPDDR3 bus 2133 MHz, đồ hoạ t&iacute;ch hợp Intel Iris 550. Cho khả năng gaming tăng đến 103%, tốc độ hậu kỳ video v&agrave; xử l&yacute; đồ hoạ 3D đều tăng 76%, v&ocirc; c&ugrave;ng ấn tượng. Ngo&agrave;i ra, sản phẩm c&ograve;n sở hữu ổ cứng cho tốc độ truyền tải dữ liệu l&ecirc;n đến 3.1GB/s, nhanh hơn thế hệ cũ đến 50%. Hệ thống tản nhiệt cũng được n&acirc;ng cấp gi&uacute;p m&aacute;y hoạt động m&aacute;t mẻ hơn.</p>\r\n\r\n<p>&nbsp;</p>\r\n\r\n<p>&nbsp;<img alt=\"\" src=\"https://laptop88.vn/media/lib/4760_6.png\" /></p>\r\n\r\n<p><strong>Touch Bar</strong></p>\r\n\r\n<p>L&agrave; một m&agrave;n h&igrave;nh hiển thị Retina thứ 2 của chiếc MacBook, c&oacute; nghĩa l&agrave; thanh Touch Bar n&agrave;y c&oacute; thể hiển thị c&aacute;c h&igrave;nh ảnh với chất lượng cao. Điều ấn tượng nhất c&oacute; lẽ l&agrave; khả năng hiển thị c&aacute;c h&igrave;nh ảnh nhỏ, giống như một thumbail của bức ảnh gốc. Tại đ&acirc;y, bạn c&oacute; thể di chuyển qua tr&aacute;i qua phải để xem c&aacute;c bức ảnh kh&aacute;c. V&agrave; mặc d&ugrave; k&iacute;ch thước của n&oacute; rất nhỏ, nhưng c&aacute;c thumbail n&agrave;y vẫn c&oacute; m&agrave;u sắc giống như bức ảnh gốc v&agrave; cũng kh&aacute; sắc n&eacute;t.</p>\r\n\r\n<p>Đối với c&aacute;c ứng dụng kh&aacute;c nhau, thanh Touch Bar n&agrave;y sẽ tự động chuyển đổi th&agrave;nh một thanh menu t&ugrave;y chỉnh kh&aacute;c nhau. V&iacute; dụ như trong tr&igrave;nh duyệt Safari, thanh Touch Bar sẽ hiển thị c&aacute;c h&igrave;nh ảnh nhỏ của c&aacute;c tab trang web m&agrave; bạn đ&atilde; mở.</p>\r\n\r\n<p>Về t&iacute;nh thực tiễn v&agrave; hữu &iacute;ch của dải m&agrave;n h&igrave;nh cảm ứng n&agrave;y, th&igrave; hữu &iacute;ch nhất khi sử dụng để nghe nhạc. Bạn c&oacute; thể thấy b&agrave;i h&aacute;t n&agrave;o đang được chạy, t&ugrave;y chỉnh &acirc;m lượng, chuyển b&agrave;i, thiết lập một số t&iacute;nh năng đơn giản về &acirc;m thanh. N&oacute; rất tiện lợi khi bạn vừa nghe nhạc vừa l&agrave;m một c&ocirc;ng việc kh&aacute;c.</p>\r\n\r\n<p>&nbsp;<img alt=\"\" src=\"https://laptop88.vn/media/lib/4760_7.png\" /></p>\r\n\r\n<p>&Yacute; tưởng của Apple rất tuyệt vời, ch&uacute;ng ta chưa từng thấy một chiếc laptop n&agrave;o giống như vậy trước đ&acirc;y. Touch Bar c&oacute; thể mở ra một hướng ph&aacute;t triển mới cho c&aacute;c nh&agrave; ph&aacute;t triển phần mềm để t&iacute;ch hợp th&ecirc;m nhiều t&iacute;nh năng mạnh mẽ.</p>\r\n\r\n<p>Nhưng hạn chế của n&oacute; ch&iacute;nh l&agrave; ở việc thiết kế sao cho thật sự hữu &iacute;ch với từng ứng dụng. Apple kh&ocirc;ng chỉ phải tự nghi&ecirc;n cứu th&ecirc;m, họ c&ograve;n phải thuyết phục c&aacute;c nh&agrave; ph&aacute;t triển của b&ecirc;n thứ 3 ph&aacute;t triển cho thanh Touch Bar n&agrave;y nữa. C&oacute; thể c&aacute;c nh&agrave; ph&aacute;t triển b&ecirc;n thứ 3 sẽ kh&ocirc;ng qu&aacute; mặn m&agrave; khi đầu tư c&ocirc;ng sức chỉ để phục vụ một nh&oacute;m người sử dụng c&oacute; MacBook Pro 2016.</p>\r\n\r\n<p>&nbsp;</p>\r\n\r\n<p><strong>Hệ điều h&agrave;nh MacOS</strong></p>\r\n\r\n<p>&nbsp;</p>\r\n\r\n<p>Đ&acirc;y l&agrave; hệ điều h&agrave;nh quyền lực nhất với mọi m&aacute;y Mac, n&oacute; cho ph&eacute;p bạn l&agrave;m mọi thứ một c&aacute;ch v&ocirc; c&ugrave;ng đơn giản. Ngo&agrave;i ra n&oacute; c&ograve;n c&oacute; thể kết nối ho&agrave;n hảo với c&aacute;c thiết bị kh&aacute;c của Apple. Đặc biệt khả năng bảo mật v&agrave; an to&agrave;n tối đa của hệ điều h&agrave;nh n&agrave;y. Do đ&oacute; l&agrave;m cho nhiều người y&ecirc;u th&iacute;ch c&aacute;c sản phẩm của Apple hơn.</p>\r\n\r\n<p>&nbsp;<img alt=\"\" src=\"https://laptop88.vn/media/lib/4760_8.png\" /></p>\r\n\r\n<p><strong>Hệ thống l&agrave;m m&aacute;t</strong></p>\r\n\r\n<p>&nbsp;</p>\r\n\r\n<p>Mặc d&ugrave; MacBook mới với thiết kế mỏng hơn, &iacute;t kh&ocirc;ng gian để l&agrave;m m&aacute;t hơn nhưng với hệ thống l&agrave;m m&aacute;t tuyệt vời gi&uacute;p loại bỏ nhiệt hiệu quả vượt trội so với thế hệ trước đ&oacute;. V&igrave; vậy bạn c&oacute; thể thoải m&aacute;i chỉnh sửa video, chơi game cấu h&igrave;nh cao v&agrave; chuyển dữ liệu lớn m&agrave; m&aacute;y vẫn m&aacute;t mẻ v&agrave; hoạt động trơn tru.</p>\r\n\r\n<p>&nbsp;</p>\r\n\r\n<p>Tham khảo <a href=\"https://laptop88.vn/laptop-cu/c2.html-1?brand=9\">th&ecirc;m c&aacute;c mẫu Macbook</a> kh&aacute;c</p>\r\n\r\n<p>Tham khảo <a href=\"https://laptop88.vn/laptop-cu/c2.html-1?filter=%2C540%2C\">th&ecirc;m c&aacute;c mẫu laptop c&ugrave;ng ph&acirc;n kh&uacute;c</a> kh&aacute;c</p>\r\n', 10, 24, '2019-10-17 02:05:40'),
(79, 'Laptop Dell Presision M4800 - Intel Core i7 4940MX', 'Asus4.png', 8700000, 8500000, 1, 100, '<h1>Đ&aacute;nh gi&aacute; chi tiết m&aacute;y trạm đồ họa&nbsp;Dell Precision M4800</h1>\r\n\r\n<p>&nbsp;</p>\r\n\r\n<p>M4800 thuộc d&ograve;ng&nbsp;m&aacute;y trạm&nbsp;di động được thiết kế tối ưu cho những ứng dụng chuy&ecirc;n nghi&ecirc;̣p như thi&ecirc;́t k&ecirc;́ đồ họa, kiến tr&uacute;c, dựng hình s&ocirc;́ hay bi&ecirc;n tập video. Đ&acirc;y l&agrave; những ứng dụng đòi hỏi nhi&ecirc;̀u năng lực tính toán và đ&ocirc;̀ họa m&agrave; d&ograve;ng laptop th&ocirc;ng thường phải m&acirc;́t r&acirc;́t nhi&ecirc;̀u thời gian hoặc th&acirc;̣m chí kh&ocirc;ng th&ecirc;̉ làm được.</p>\r\n\r\n<p>&nbsp;</p>\r\n\r\n<p><strong>Cấu h&igrave;nh chi tiết bản đ&aacute;nh gi&aacute;:</strong></p>\r\n\r\n<ul>\r\n	<li><em>Bộ vi xử l&yacute;</em>: Intel&nbsp;Core i7 4940M&nbsp;(4x2.9GHz Turbo Boost 3.9GHz, Cache 8MB)</li>\r\n	<li><em>Chipset</em>: Intel QM87 Express</li>\r\n	<li><em>Bộ nhớ trong</em>: 8GB DDR3 &nbsp;</li>\r\n	<li><em>Ổ đĩa cứng</em>:&nbsp;SSD 512GB</li>\r\n	<li><em>Card m&agrave;n h&igrave;nh</em>: Intel HD Graphics 4600 v&agrave;&nbsp;NVidia Quadro K2100M</li>\r\n	<li><em>M&agrave;n h&igrave;nh</em>: 15.6 inch LED&nbsp;4K&nbsp;3840x2160</li>\r\n	<li><em>Ổ đĩa quang</em>: Đọc v&agrave; ghi DVD</li>\r\n	<li><em>Cổng Kết nối</em>: Wifi chuẩn N, LAN 10/100/1000, USB 2.0 v&agrave; 3.0, VGA, HDMI, E-SATA, DisplayPort</li>\r\n	<li><em>Thời lượng pin</em>: 2 giờ</li>\r\n	<li><em>Trọng lượng</em>: 2.9 kg</li>\r\n</ul>\r\n\r\n<p>&nbsp;<strong>Thiết kế sang trọng</strong></p>\r\n\r\n<p>Precision M4800 c&oacute; vẻ ngo&agrave;i kh&aacute; &ldquo;gấu&rdquo; với những đường n&eacute;t đơn giản, vu&ocirc;ng tạo th&agrave;nh g&oacute;c cạnh nhưng vẫn to&aacute;t l&ecirc;n được vẻ lịch l&atilde;m tạo sự hấp dẫn người d&ugrave;ng. Lớp vỏ ngo&agrave;i chất liệu hợp kim nh&ocirc;m c&ugrave;ng kết cấu khung m&aacute;y l&agrave;m từ magie cấu tr&uacute;c tổ ong, mang lại được sự chắc chắn, đ&aacute;ng tin cậy.</p>\r\n\r\n<p><img alt=\"\" src=\"https://laptop88.vn/media/product/2435_new0103.jpg\" /></p>\r\n\r\n<p>Theo th&ocirc;ng tin nh&agrave; sản xuất c&ocirc;ng bố th&igrave; M4800 cũng l&agrave; một trong số &iacute;t mẫu Workstation đạt chuẩn MIL - STD 810G của qu&acirc;n đội Mỹ khi vượt qua một loạt c&aacute;c b&agrave;i thử nghiệm nghi&ecirc;m ngặt về độ bền v&agrave; chất lượng linh kiện phần cứng. Thậm ch&iacute; m&aacute;y cũng được trang bị cả n&uacute;t kh&oacute;a cứng m&agrave;n h&igrave;nh nhằm giảm thiệt hại khi rơi hoặc va đập. B&agrave;n ph&iacute;m c&oacute; khả năng chống tr&agrave;n nhờ lớp phim trong suốt b&ecirc;n dưới cũng như bảo mật v&acirc;n tay FingerPrint ngăn chặn c&aacute;c truy cập tr&aacute;i ph&eacute;p</p>\r\n\r\n<p><img alt=\"\" src=\"https://laptop88.vn/media/product/2435_new0108.jpg\" /></p>\r\n\r\n<p><strong>Cổng kết nối</strong></p>\r\n\r\n<p>Như đề cập tr&ecirc;n, Precision M4800 được thiết kế đ&aacute;p ứng tối đa c&ocirc;ng việc n&ecirc;n kh&ocirc;ng chỉ trang bị ổ quang m&agrave; c&ograve;n hỗ trợ rất nhiều cổng kết nối kh&aacute;c nhau. Từ ng&otilde; xuất t&iacute;n hiệu h&igrave;nh ảnh VGA, HDMI 1.4a phổ dụng như cho đến DisplayPort, 4 cổng USB 3.0, bộ đọc thẻ &ldquo;9 trong 1&rdquo;, ng&otilde; cắm micro, headphone v&agrave; cả ExpressCard d&ugrave;ng gắn card dựng video t&ugrave;y nhu cầu người d&ugrave;ng.</p>\r\n\r\n<p><img alt=\"\" src=\"https://laptop88.vn/media/lib/2435_csm_links_33528e0d44.jpg\" /></p>\r\n\r\n<p>M&aacute;y c&ograve;n trang bị một số kết nối kh&ocirc;ng d&acirc;y như Bluetooth 4.0, Wi-Fi hai băng tần AC-7265 802.11ac, card mạng Ethernet gigabit c&ugrave;ng khả năng trao đổi dữ liệu hoặc thanh to&aacute;n điện tử qua giao tiếp NFC.&nbsp;</p>\r\n\r\n<p><img alt=\"\" src=\"https://laptop88.vn/media/lib/2435_csm_heck_dfb4fa6c46.jpg\" /><img alt=\"\" src=\"https://laptop88.vn/media/lib/2435_csm_rechts_0ffbda5c85.jpg\" /></p>\r\n\r\n<p><strong>M&agrave;n h&igrave;nh</strong></p>\r\n\r\n<p>Dell Precision M4800 c&oacute; m&agrave;n h&igrave;nh hiển thị rất sắc n&eacute;t, chống l&oacute;a s&aacute;ng v&agrave; c&oacute; g&oacute;c nh&igrave;n rộng đủ 3 người nh&igrave;n một l&uacute;c. M&agrave;n h&igrave;nh c&oacute; khả năng t&aacute;i tạo 98% gần như đầy đủ dải m&agrave;u ti&ecirc;u chuẩn sẽ l&agrave;m h&agrave;i l&ograve;ng cả những designer kh&oacute; t&iacute;nh nhất. Precision M4800 c&oacute; độ s&aacute;ng m&agrave;n h&igrave;nh cao, 323 nits, s&aacute;ng hơn nhiều so với Macbook Pro 223 nits. Mức độ chuyển đổi m&agrave;u sắc v&agrave; ph&acirc;n biệt dải m&agrave;u s&aacute;ng tối của m&agrave;n h&igrave;nh rất tốt, mang lại h&igrave;nh ảnh hiển thị c&oacute; độ tương phản cao.</p>\r\n\r\n<p><img alt=\"\" src=\"https://laptop88.vn/media/lib/2435_csm_Precision_M4800_QHD_vs_AdobeRGB_74b05e3fc3.jpg\" /><img alt=\"\" src=\"https://laptop88.vn/media/lib/2435_csm_m4800srgbneu_7b3f38e517.jpg\" style=\"height:155px; width:171px\" /></p>\r\n\r\n<p>&nbsp;</p>\r\n\r\n<p><img alt=\"\" src=\"https://laptop88.vn/media/lib/2435_3.png\" /></p>\r\n\r\n<p>Precision M4800 trang bị m&agrave;n h&igrave;nh 15,6 inch, độ ph&acirc;n giải 4K (3.840 x 2.160 pixel) c&ugrave;ng khả năng t&aacute;i tạo gần như đầy đủ dải m&agrave;u theo ti&ecirc;u chuẩn, th&iacute;ch hợp cho c&ocirc;ng việc thiết kế, chỉnh sửa h&igrave;nh ảnh hay khi l&agrave;m việc với nhiều ứng dụng c&ugrave;ng l&uacute;c, đ&ograve;i hỏi độ ph&acirc;n giải cao v&agrave; cần thể hiện m&agrave;u sắc ch&iacute;nh x&aacute;c tuyệt đối.</p>\r\n\r\n<p><img alt=\"\" src=\"https://laptop88.vn/media/lib/2435_csm_Saettigung_f4e5351920.jpg\" /><img alt=\"\" src=\"https://laptop88.vn/media/lib/2435_csm_Colorchecker_kalibriert_23263c16b0.jpg\" /><img alt=\"\" src=\"https://laptop88.vn/media/lib/2435_csm_Farbgenauigkeit_kalibriert_24eaa74b16.jpg\" /><img alt=\"\" src=\"https://laptop88.vn/media/lib/2435_csm_Farbgenauigkeit_115cf83723.jpg\" /><img alt=\"\" src=\"https://laptop88.vn/media/lib/2435_csm_Colorchecker_7cf88cb6bf.jpg\" /></p>\r\n\r\n<p>D&ugrave; vậy, vấn đề của độ ph&acirc;n giải cao l&agrave; c&aacute;c cửa sổ ứng dụng trong giao diện hệ điều h&agrave;nh cũng thu nhỏ đ&aacute;ng kể so với m&agrave;n h&igrave;nh độ ph&acirc;n giải Full HD c&ugrave;ng k&iacute;ch thước. Do đ&oacute;, người d&ugrave;ng n&ecirc;n t&ugrave;y chỉnh cỡ chữ l&ecirc;n mức 150 hoặc 200% để thao t&aacute;c tr&ecirc;n m&agrave;n h&igrave;nh dễ d&agrave;ng hơn.</p>\r\n\r\n<p>Với g&oacute;c nh&igrave;n mở rộng khoảng 170 độ, độ s&aacute;ng đạt mức 323 lux c&ugrave;ng lớp t&aacute;n xạ &aacute;nh s&aacute;ng phủ b&ecirc;n ngo&agrave;i m&agrave;n h&igrave;nh gi&uacute;p việc sử dụng ngo&agrave;i trời gần như kh&ocirc;ng bị hạn chế, nội dung hiển thị vẫn r&otilde; r&agrave;ng, dễ đọc cả trong m&ocirc;i trường nhiều &aacute;nh s&aacute;ng xung quanh m&agrave; kh&ocirc;ng bị mất tập trung.</p>\r\n\r\n<p><img alt=\"\" src=\"https://laptop88.vn/media/lib/2435_csm_Blickwinkel_a7e5522a17.jpg\" /></p>\r\n\r\n<p>&nbsp;</p>\r\n\r\n<p><em>C&aacute;c g&oacute;c nh&igrave;n của m&agrave;n h&igrave;nh M4800&nbsp;</em></p>\r\n\r\n<p><img alt=\"\" src=\"https://laptop88.vn/media/lib/2435_csm__1170377_Kopie_39e8747945.jpg\" /><img alt=\"\" src=\"https://laptop88.vn/media/lib/2435_csm__1170373_Kopie_6504e1a9c5.jpg\" /><img alt=\"\" src=\"https://laptop88.vn/media/lib/2435_csm__1170370_Kopie_5ead7b3f6c.jpg\" /><img alt=\"\" src=\"https://laptop88.vn/media/lib/2435_csm__1170368_Kopie_99a67895b7.jpg\" /></p>\r\n\r\n<p><em>M&agrave;n h&igrave;nh M4800 khi l&agrave;m việc ngo&agrave;i trời</em></p>\r\n\r\n<p><strong>Webcam</strong></p>\r\n\r\n<p>Sử dụng phần mềm Dell Webcam Central, Precision M4800 c&oacute; thể chụp ảnh v&agrave; quay video ở độ ph&acirc;n giải 720p. H&igrave;nh ảnh thu được hơi mờ trắng, song nh&igrave;n chung m&agrave;u sắc được t&aacute;i hiện ở mức chấp nhận được. Độ sắc n&eacute;t kh&ocirc;ng phải l&agrave; điểm mạnh của webcam tr&ecirc;n Precision M4800, do h&igrave;nh ảnh vẫn hơi bị nhiễu.</p>\r\n\r\n<p><strong>Loa</strong><br />\r\nMặt lưới loa của Dell Precision M4800 c&oacute; thiết kế dấu gạch v&agrave; chấm đẹp mắt, gợi cho ta nhớ đến bộ m&atilde; Morse. Nhưng loa của Dell M4800 kh&ocirc;ng chỉ để trang tr&iacute;, &acirc;m thanh ph&aacute;t ra to r&otilde;, s&ocirc;i nổi với c&aacute;c d&atilde;i &acirc;m t&aacute;ch biệt r&otilde; r&agrave;ng. &Acirc;m bass của loa trầm ấm, kh&ocirc;ng lẫn lộn với d&atilde;i mid như thường thấy ở loa tr&ecirc;n laptop.</p>\r\n\r\n<p><strong>B&agrave;n ph&iacute;m</strong></p>\r\n\r\n<p>C&oacute; thể nhận thấy thiết kế b&agrave;n ph&iacute;m Precision M4800 mang nhiều n&eacute;t tương đồng với d&ograve;ng laptop chuy&ecirc;n game Dell Alienware v&agrave; cả d&ograve;ng ThinkPad của Lenovo.</p>\r\n\r\n<p>Thử nghiệm thực tế cho thấy c&aacute;c ph&iacute;m nhấn &ecirc;m, bề mặt ph&iacute;m cong nhẹ v&agrave; độ đ&agrave;n hồi tốt mang lại cảm gi&aacute;c ph&iacute;m r&otilde; r&agrave;ng. Bạn dễ d&agrave;ng &ldquo;lướt&rdquo; tr&ecirc;n b&agrave;n ph&iacute;m khi g&otilde; nhanh văn bản m&agrave; kh&ocirc;ng sợ nhấn nhầm. Ngo&agrave;i ra, b&agrave;n ph&iacute;m c&ograve;n được trang bị đ&egrave;n nền với hai mức độ s&aacute;ng kh&aacute;c nhau c&oacute; thể t&ugrave;y chỉnh theo m&ocirc;i trường l&agrave;m việc c&ugrave;ng khả năng chống thấm nước tốt.</p>\r\n', 2, 33, '2019-10-03 09:33:15');
INSERT INTO `products` (`id_product`, `name_product`, `images`, `price`, `sale`, `special`, `amount`, `detail`, `view`, `id_category`, `create_at`) VALUES
(80, 'Laptop cũ Dell Latitude E6540 - Intel Core i7', 'Asus9.jpg', 9200000, 7800000, 1, 100, '<h3>Đặc điểm nổi bật</h3>\r\n\r\n<p><strong>Đ&aacute;nh gi&aacute; ưu điểm vượt trội của Dell Latitude E6540</strong></p>\r\n\r\n<p>&nbsp;</p>\r\n\r\n<p>Được giới chuy&ecirc;n m&ocirc;n đ&aacute;nh gi&aacute; l&agrave; d&ograve;ng m&aacute;y t&iacute;nh x&aacute;ch tay d&agrave;nh cho doanh nh&acirc;n nổi bật, Dell Latutude E6540 c&oacute; những t&iacute;nh năng vượt trội hơn so với nhiều m&aacute;y kh&aacute;c c&ugrave;ng d&ograve;ng. Những điểm vượt trội n&agrave;y l&agrave; g&igrave;? H&atilde;y c&ugrave;ng Laptop88 đ&aacute;nh gi&aacute; nh&eacute;!</p>\r\n\r\n<p><strong>Cấu h&igrave;nh khủng</strong></p>\r\n\r\n<p>-&nbsp;<em>Bộ xử l&yacute;</em>: Intel Core i7 - 4800MQ &nbsp; 2.7GHz&nbsp; (8M Cache, up to 3.70 GHz)</p>\r\n\r\n<p>- &nbsp;<em>RAM</em>: 8GB DDR3 1600MHz</p>\r\n\r\n<p>-&nbsp;<em>M&agrave;n h&igrave;nh</em>: 15.6. Full HD: 1920 x 1080</p>\r\n\r\n<p>-&nbsp;<em>Ổ đĩa cứng</em>:&nbsp;SSD 240GB</p>\r\n\r\n<p>-&nbsp;<em>Card on</em>: Intel HD Graphics 4600&nbsp;</p>\r\n\r\n<p>-&nbsp;<em>Card rời</em>: AMD Radeon HD 8790</p>\r\n\r\n<p>-&nbsp;<em>K&iacute;ch thước</em>: 292 x192 x 27mm</p>\r\n\r\n<p>-&nbsp;<em>Webcam</em>: 1.3 Megapixels</p>\r\n\r\n<p>-&nbsp;<em>Kết nối:</em>&nbsp;HDMI, E-SATA, VGA, USB 2.0 v&agrave; 3.0, Ethernet (LAN), Card-Reader</p>\r\n\r\n<p>-&nbsp;<em>Trọng lượng</em>: 2.45kg ( đ&atilde; bao gồm pin)</p>\r\n\r\n<p>-&nbsp;<em>B&agrave;n ph&iacute;m</em>: Led ph&iacute;m</p>\r\n\r\n<p>-&nbsp;<em>Pin</em>: T&ugrave;y chọn 6cell v&agrave; 9cell&nbsp;</p>\r\n\r\n<p>&nbsp;</p>\r\n\r\n<p>-----------</p>\r\n\r\n<p>Xem th&ecirc;m c&aacute;c mẫu&nbsp;<a href=\"https://laptop88.vn/laptop-cu/c2.html-1?filter=%2C537%2C&amp;sort=price-asc\" target=\"_blank\">laptop văn ph&ograve;ng gi&aacute; rẻ</a>&nbsp;tại đ&acirc;y:</p>\r\n\r\n<p><a href=\"https://laptop88.vn/moi-100-fullbox-laptop-lenovo-ideapad-s145-81mv00f1vn-intel-celeron/p4655.html\" target=\"_blank\">Laptop Lenovo Ideapad S145&nbsp;81MV00F1VN</a>&nbsp;- Mới 100% fullbox rẻ nhất trong tầm gi&aacute; 6 triệu, mượt&nbsp;m&agrave; ổn định bền bỉ</p>\r\n\r\n<p><a href=\"https://laptop88.vn/moi-100-full-box-laptop-lenovo-ideapad-330-15ikb-81de01jsvn-hang-chinh-hang/p4533.html\" target=\"_blank\">Laptop Lenovo Ideapad 330-15IKB</a>&nbsp;mới 100% - Card rời, CPU i5 đời 8, RAM 8GB, SSD 480GB mạnh mẽ trong tầm gi&aacute; 11 triệu</p>\r\n\r\n<p><a href=\"https://laptop88.vn/collection/asus-vivobook-a412-a512\" target=\"_blank\">Laptop&nbsp;Asus Vivobook A412 - A512</a>&nbsp;mới 100% - Thiết kế mỏng nhẹ sang trọng, m&agrave;u sắc trendy, nhiều t&iacute;nh năng hiện đại ... ph&ugrave; hợp cho học sinh, sinh vi&ecirc;n d&acirc;n văn ph&ograve;ng</p>\r\n\r\n<p><a href=\"https://laptop88.vn/laptop-cu-dell-latitude-e6330-core-i7-3520m-4gb-250gb-intel-hd-graphics-4000-133-inch-bao-hanh-1-nam/p2429.html\" target=\"_blank\">Laptop Dell Latitude E6330</a>&nbsp;- Bền bỉ, cứng c&aacute;p, c&oacute; SSD nhanh ch&oacute;ng, gi&aacute; cực rẻ chỉ hơn 5 triệu</p>\r\n\r\n<p><a href=\"https://laptop88.vn/laptop-cu-hp-folio-9470m-core-i5/p2354.html\" target=\"_blank\">Laptop HP Eitebook 9470m</a>&nbsp;- Sang chảnh, mỏng nhẹ thanh tho&aacute;t như Macbook, hiệu năng mượt m&agrave; ổn định</p>\r\n\r\n<p><a href=\"https://laptop88.vn/laptop-lenovo-thinkpad-x250-intel-core-i5-5300u-ram-4gb-ssd-128gb-intel-hd-graphics-5500-12.5-inch-hd/p4003.html\" target=\"_blank\">Laptop Lenovo Thinkpad X250</a>&nbsp;- Si&ecirc;u bền, chịu lực tốt, ổn định, nhanh, mượt ph&ugrave; hợp với doanh nh&acirc;n</p>\r\n\r\n<p>Xem th&ecirc;m c&aacute;c laptop&nbsp;<a href=\"https://laptop88.vn/laptop-cu/c2.html-1?filter=%2C537%2C&amp;brand=3&amp;sort=price-asc\" target=\"_blank\">Dell văn ph&ograve;ng gi&aacute; rẻ</a></p>\r\n\r\n<p><strong>Thiết kế sang trọng</strong></p>\r\n\r\n<p>Kh&aacute;c với c&aacute;c phi&ecirc;n bản trước l&agrave; Dell Latitude 6520 v&agrave; Dell Latitude 6530 phi&ecirc;n bản mới Dell 6540 cực kỳ &nbsp;hấp dẫn với thiết kế xung quanh viền m&aacute;y v&agrave; viền m&agrave;n h&igrave;nh được bao bọc bởi 1 lớp viền đen lịch l&atilde;m.</p>\r\n\r\n<p>Dell 6540 mặc d&ugrave; l&agrave; d&ograve;ng m&aacute;y c&oacute; cấu h&igrave;nh khủng nhưng thiết kế lại v&ocirc; c&ugrave;ng mềm mại, uyển chuyển giống chiếc HP Folio 9470m với vỏ nh&ocirc;m nguy&ecirc;n khối l&agrave;m cho m&aacute;y th&ecirc;m phần hấp dẫn v&agrave; tương đối hợp thời trang.</p>\r\n\r\n<p>C&oacute; thể n&oacute;i rằng chất lượng của Dell 6540 vượt qu&aacute; mong đợi của người sử dụng, 1 chiếc m&aacute;y cấu h&igrave;nh cao, chất lượng tốt m&agrave; h&igrave;nh thức lại tương đối hợp thời trang. D&ograve;ng m&aacute;y n&agrave;y đ&atilde; vượt qua ti&ecirc;u chuẩn&nbsp;MIL-STD-810G của qu&acirc;n đội Mỹ&nbsp;về độ bền , ph&ugrave; hợp với c&aacute;c chuyến c&ocirc;ng t&aacute;c d&agrave;i ng&agrave;y của bạn.</p>\r\n\r\n<p><img alt=\"\" src=\"https://laptop88.vn/media/product/2456_img_5248_copy.jpg\" /></p>\r\n\r\n<p><strong>Cổng kết nối&nbsp;</strong></p>\r\n\r\n<p>Latitude E6540&nbsp;c&oacute; đầy đủ c&aacute;c cổng kết nối m&agrave; một m&aacute;y t&iacute;nh d&agrave;nh cho doanh nh&acirc;n cần c&oacute;.</p>\r\n\r\n<p>Ph&iacute;a trước m&aacute;y bạn sẽ thấy một cổng cắm thẻ nhớ SD.</p>\r\n\r\n<p><img alt=\"\" src=\"https://laptop88.vn/media/lib/2456_csm_seitvorn_eafbc71589.jpg\" /></p>\r\n\r\n<p>&nbsp;</p>\r\n\r\n<p>Dọc theo cạnh phải l&agrave; 2 cổng USB 3.0, cổng kết hợp jack cắm tai nghe/ micro, ổ ghi DVD v&agrave; cổng tắt bật Wi-Fi.</p>\r\n\r\n<p><img alt=\"\" src=\"https://laptop88.vn/media/lib/2456_csm_seitrechts_219b26368e.jpg\" /></p>\r\n\r\n<p>&nbsp;</p>\r\n\r\n<p>B&ecirc;n tr&aacute;i l&agrave; cổng USB 3.0, HDMI, khe cắm thẻ nhớ v&agrave; khe cắm kh&oacute;a bảo mật th&ocirc;ng minh.</p>\r\n\r\n<p><img alt=\"\" src=\"https://laptop88.vn/media/lib/2456_csm_seitlinks_ff100411b0.jpg\" /></p>\r\n\r\n<p>V&agrave; nếu đ&oacute; vẫn chưa đủ, th&igrave;&nbsp;E6540&nbsp;c&oacute; th&ecirc;m một cổng USB 3.0 ph&iacute;a sau của m&aacute;y t&iacute;nh x&aacute;ch tay , c&ugrave;ng với cổng VGA v&agrave; Ethernet.</p>\r\n\r\n<p><img alt=\"\" src=\"https://laptop88.vn/media/lib/2456_csm_seithinten_a6c042a077.jpg\" /></p>\r\n\r\n<p>Kh&ocirc;ng giống như sản phẩm Dell 6440, Dell 6540 c&ograve;n được trang bị th&ecirc;m 1 cổng kết nối VGA để kết nối với c&aacute;c thiết bị b&ecirc;n ngo&agrave;i.</p>\r\n\r\n<p><strong>M&agrave;n h&igrave;nh</strong></p>\r\n\r\n<p>M&agrave;n h&igrave;nh: m&agrave;n h&igrave;nh của Dell 6540 c&oacute; 2 loại kh&aacute;c nhau về độ ph&acirc;n giải m&agrave;n h&igrave;nh l&agrave; 1366x768 v&agrave; 1920 x 1080 l&agrave; m&agrave;n h&igrave;nh Full HD, c&ugrave;ng với đ&oacute; l&agrave; m&agrave;n h&igrave;nh chống ch&oacute;i khiến cho m&agrave;n h&igrave;nh m&aacute;y được thu h&uacute;t hơn v&agrave; phản chiếu &aacute;nh s&aacute;ng từ mọi g&oacute;c độ.</p>\r\n\r\n<p>Mật độ trung b&igrave;nh của độ s&aacute;ng m&agrave;n h&igrave;nh l&agrave; 297.2 cd/m2 vượt trội hơn so với c&aacute;c đối thủ cạnh tranh.&nbsp; Nếu l&agrave;m việc trong c&aacute;c m&ocirc;i trường c&oacute; nhiều &aacute;nh s&aacute;ng m&agrave;n h&igrave;nh n&ecirc;n hạ độ s&aacute;ng m&agrave;n h&igrave;nh của chiếc m&aacute;y Dell 6540 xuống v&agrave; c&oacute; thể di chuyển m&aacute;y v&agrave;o khu vực r&acirc;m m&aacute;t để l&agrave;m việc.</p>\r\n\r\n<p><img alt=\"\" src=\"https://laptop88.vn/media/lib/2456_Screenshot.png\" /></p>\r\n\r\n<p>Bởi v&igrave; độ s&aacute;ng m&agrave;n h&igrave;nh cao v&agrave; độ tương phản m&agrave;n h&igrave;nh tốt khiến Dell 6540 c&oacute; thể c&oacute; những h&igrave;nh ảnh &aacute;nh s&aacute;ng r&otilde; n&eacute;t ở mọi g&oacute;c độ.&nbsp;M&agrave;n h&igrave;nh của m&aacute;y mặc d&ugrave; kh&ocirc;ng phải m&agrave;n h&igrave;nh IPS nhưng c&aacute;c g&oacute;c nh&igrave;n kh&aacute; rộng. 1 g&oacute;c nh&igrave;n c&oacute; từ mọi ph&iacute;a v&agrave; n&oacute; chắc chắn sẽ kh&ocirc;ng th&agrave;nh vấn đề khi bạn l&agrave;m việc hay nh&igrave;n h&igrave;nh ảnh dưới mọi g&oacute;c độ kh&aacute;c nhau. Tuy nhi&ecirc;n,&nbsp;vấn đề duy nhất l&agrave; khi ở g&oacute;c nh&igrave;n ph&iacute;a dưới bạn c&oacute; thể cảm thấy kh&oacute; khăn khi h&igrave;nh c&aacute;c bức tranh của n&oacute; bởi v&igrave; n&oacute; dường như l&agrave; tối hơn v&agrave; bắt đầu bị v&ograve;ng xuống.</p>\r\n\r\n<p><img alt=\"\" src=\"https://laptop88.vn/media/lib/2456_csm_display_a1755ecaaa.jpg\" /></p>\r\n\r\n<p><strong>Webcam</strong></p>\r\n\r\n<p>Phần mềm Dell Webcam Center t&iacute;ch hợp với camera HD của&nbsp;<strong>E6540</strong>&nbsp;hỗ trợ chụp h&igrave;nh v&agrave; quay video độ ph&acirc;n giải 1280 x 720 pixcels với m&agrave;u sắc trung thực, h&igrave;nh ảnh r&otilde; n&eacute;t ở khắp mọi nơi bất cứ nơi đ&acirc;u, bất cứ l&uacute;c n&agrave;o m&agrave; bạn muốn.</p>\r\n\r\n<p><strong>Loa</strong></p>\r\n\r\n<p>E6540 được thiết kế với một cặp loa &acirc;m thanh nổi ph&iacute;a trước.Ch&uacute;ng t&ocirc;i đ&atilde; rất ấn tượng với &acirc;m lượng v&agrave; chất lượng &acirc;m thanh ph&aacute;t ra từ thiết bị loa n&agrave;y. Phần mềm Dell quản l&yacute; &acirc;m thanh gi&uacute;p bạn dễ d&atilde;ng t&ugrave;y chỉnh c&aacute;c c&agrave;i đặt (giọng n&oacute;i, nhạc v&agrave; video) để đạt chất lượng &acirc;m thanh tốt nhất khi nghe nhạc hoặc chat voice.</p>\r\n\r\n<p><strong>B&agrave;n ph&iacute;m</strong></p>\r\n\r\n<p>B&agrave;n ph&iacute;m l&agrave; một linh kiện rất quan trọng của m&aacute;y v&agrave; ảnh hưởng kh&aacute; nhiều đến người d&ugrave;ng. Dell 6540 c&oacute; th&ecirc;m b&agrave;n ph&iacute;m phụ tiện dụng cho c&aacute;c d&acirc;n kế to&aacute;n, văn ph&ograve;ng hay c&aacute;c anh chị d&acirc;n kĩ thuật. Th&ecirc;m v&agrave;o đ&oacute;, m&aacute;y c&ograve;n được trang bị th&ecirc;m led ph&iacute;m gi&uacute;p hỗ trợ cho qu&aacute; tr&igrave;nh l&agrave;m việc v&agrave;o ban đ&ecirc;m. Dell vẫn quyết định sử dụng kiểu b&agrave;n ph&iacute;m cổ điển của m&igrave;nh m&agrave; kh&ocirc;ng sử dụng b&agrave;n ph&iacute;m chicklet như c&aacute;c h&atilde;ng HP, Lenovo hoặc Dell</p>\r\n\r\n<p>H&agrave;nh tr&igrave;nh ph&iacute;m khi trải nghiệm Dell 6540 rất đ&atilde;. C&uacute; đ&aacute;nh ph&iacute;m nhẹ nh&agrave;ng tạo ra sự kh&aacute;c biệt cho b&agrave;n ph&iacute;m vượt qua sự mong đợi của người d&ugrave;ng. Viền bao quanh b&agrave;n ph&iacute;m kh&aacute; mỏng v&agrave; nhẹ, m&aacute;y c&oacute; viền đen bao quanh b&agrave;n ph&iacute;m mảnh khảnh &ocirc;m trọn b&agrave;n ph&iacute;m.</p>\r\n', 12, 33, '2019-10-04 14:48:11'),
(81, '[Mới 100% Fullbox] Laptop Gaming Dell Inspiron G5 5590 P82F001 - Intel Core i5', 'Asus12.jpg', 8700000, 8400000, 0, 140, '<p><strong>Đ&aacute;nh gi&aacute; chi tiết DELL Inspiron 15 5590 G5</strong></p>\r\n\r\n<p><strong><img alt=\"\" src=\"https://laptop88.vn/media/lib/4652_1.png\" /></strong></p>\r\n\r\n<p>Laptop DELL Inspiron 15 5590 G5 được thiết kế với t&ocirc;ng m&agrave;u đen mạnh mẽ, sản phẩm mang đậm phong c&aacute;ch game. M&agrave;n h&igrave;nh 15.6 inch với độ phần giải Full HD IPS mang đến những h&igrave;nh ảnh chất lượng, chi tiết, r&otilde; n&eacute;t, m&agrave;u sắc cũng cực kỳ trung thực v&agrave; sống động, c&aacute;c chuyển động trong game sẽ trở n&ecirc;n v&ocirc; c&ugrave;ng mượt m&agrave; gi&uacute;p tăng chất lượng trải nghiệm game của bạn l&ecirc;n nhiều lần.</p>\r\n\r\n<p><strong>Thiết kế</strong></p>\r\n\r\n<p>Dell G5 5590 được thiết kế kh&aacute; tinh tế được l&agrave;m từ vỏ nh&ocirc;m cao cấp với t&ocirc;ng m&agrave;u đen hoặc trắng tạo cho chiếc m&aacute;y một sự bền bỉ, ổn định nhưng vẫn giữ được n&eacute;t đẹp ri&ecirc;ng của m&igrave;nh, to&aacute;t l&ecirc;n một vẻ đẹp tinh tế v&agrave; sang trọng cho người d&ugrave;ng sở hữu n&oacute;.</p>\r\n\r\n<p>Sở hữu một k&iacute;ch thước 364.3 x 237 x 273.4 c&ugrave;ng với c&acirc;n nặng xấp xỉ 2,6 kg, Dell G5 5590 gi&uacute;p người d&ugrave;ng dễ d&agrave;ng linh hoạt mang đi khắp mọi nơi v&agrave; chinh phục c&aacute;c tựa game ở bất cứ đ&acirc;u.</p>\r\n\r\n<p><img alt=\"\" src=\"https://laptop88.vn/media/lib/4652_2.png\" /></p>\r\n\r\n<p><strong>M&agrave;n h&igrave;nh</strong></p>\r\n\r\n<p>Kh&aacute;c hẳn so với thế hệ trước, viền m&agrave;n h&igrave;nh của Dell G5 5590 lần n&agrave;y được thiết kế mỏng đi hơn rất nhiều gi&uacute;p cho tỷ lệ diện t&iacute;ch hiển thị được tăng l&ecirc;n kh&aacute; đ&aacute;ng kể, khiến m&agrave;n h&igrave;nh chiếc m&aacute;y như 14 inch d&ugrave; sở hữu một m&agrave;n h&igrave;nh 15.6 inch.</p>\r\n\r\n<p>&nbsp;<img alt=\"\" src=\"https://laptop88.vn/media/lib/4652_3.png\" /></p>\r\n\r\n<p>Được trang bị m&agrave;n h&igrave;nh 15.6 inch với độ ph&acirc;n giải Full HD (1920 x 1080) G5 5590 mang đến cho người d&ugrave;ng một trải nghiệm h&igrave;nh ảnh ch&acirc;n thực v&agrave; sống động đến từng chi tiết. Kh&ocirc;ng dừng lại ở đ&oacute;, m&agrave;n h&igrave;nh c&ograve;n được trang bị tấm nền IPS cung cấp g&oacute;c nh&igrave;n l&ecirc;n tới 178 độ so với phương ngang, người d&ugrave;ng kh&ocirc;ng nhất thiết phải ngồi trực diện mới c&oacute; thể trải nghiệm r&otilde; n&eacute;t từng chi tiết của h&igrave;nh ảnh.&nbsp;</p>\r\n\r\n<p><strong>Hiệu năng</strong></p>\r\n\r\n<p>Dell G5 5590 sở hữu bộ vi xử l&yacute; Intel Core i5-9300H với xung nhịp l&ecirc;n tới 4.1 GHz gi&uacute;p cho mọi t&aacute;c vụ được thực hiện một c&aacute;ch nhanh ch&oacute;ng v&agrave; mượt m&agrave;. Tiếp th&ecirc;m sức mạnh cho chiếc m&aacute;y n&agrave;y l&agrave; chiếc card đồ họa v&ocirc; c&ugrave;ng mạnh mẽ Nvidia GTX 1650.</p>\r\n\r\n<p><img alt=\"\" src=\"https://laptop88.vn/media/lib/4652_5.png\" /></p>\r\n\r\n<p><strong>B&agrave;n ph&iacute;m v&agrave; touchpad</strong></p>\r\n\r\n<p>B&agrave;n ph&iacute;m với c&aacute;c ph&iacute;m bấm được sắp xếp khoa học, k&iacute;ch thước v&agrave; khoảng c&aacute;ch kh&aacute; hợp l&yacute;, độ nảy ph&iacute;m tốt gi&uacute;p người d&ugrave;ng nhập liệu nhanh ch&oacute;ng v&agrave; ch&iacute;nh x&aacute;c. B&ecirc;n cạnh đ&oacute;, b&agrave;n ph&iacute;m hỗ trợ đ&egrave;n nền xanh ti&ecirc;u chuẩn đậm chất thể thao, cho ph&eacute;p bạn g&otilde; chữ thuận tiện trong điều kiện thiếu &aacute;nh s&aacute;ng.</p>\r\n\r\n<p>Touchpad của d&ograve;ng Dell G5 5590 được thiết kế kh&aacute; rộng r&atilde;i, mịn m&agrave;ng, nhạy, gi&uacute;p bạn thao t&aacute;c một c&aacute;ch dễ d&agrave;ng v&agrave; ch&iacute;nh x&aacute;c, tương tự như sử dụng chuột.</p>\r\n\r\n<p><img alt=\"\" src=\"https://laptop88.vn/media/lib/4652_4.png\" /></p>\r\n\r\n<p><strong>Cổng kết nối</strong></p>\r\n\r\n<p>Dell G5 5590 hỗ trợ người d&ugrave;ng tương đối đầy đủ c&aacute;c cổng kết nối hiện nay. Cạnh tr&aacute;i bao gồm: cổng kết nối USB Type C đa dụng nhất hiện nay, thiết kế đồng đẳng gi&uacute;p bạn c&oacute; thể cắm kết nối ở bất cứ chiều n&agrave;o; cổng USB 3.1 Type A, cổng &acirc;m thanh. Cạnh phải của m&aacute;y bao gồm c&aacute;c cổng: thẻ nhớ SD, cổng USB 3.1. Ph&iacute;a sau m&aacute;y được thiết kế với c&aacute;c cổng: HDMI 2.0, cổng USB 3.1 v&agrave; một số những cổng kết nối th&ocirc;ng dụng kh&aacute;c cho người d&ugrave;ng kết nối với c&aacute;c thiết bị ngoại vi kh&aacute;c một c&aacute;ch dễ d&agrave;ng.</p>\r\n\r\n<p><img alt=\"\" src=\"https://laptop88.vn/media/lib/4652_6.png\" /></p>\r\n\r\n<p><strong>&Acirc;m thanh v&agrave; Webcam</strong></p>\r\n\r\n<p>Được t&iacute;ch hợp với c&ocirc;ng ngh&ecirc; &acirc;m thanh Waves MaxxAudio Pro cho bạn một trải nghiệm tuyệt vời, n&acirc;ng cao khả năng thưởng thức game của bạn. Webcam với độ ph&acirc;n giải HD 720p cho h&igrave;nh ảnh kh&aacute; tốt, nhờ đ&oacute; người d&ugrave;ng c&oacute; thể thoải m&aacute;i tr&ograve; chuyện c&ugrave;ng bạn b&egrave; qua webcam th&ocirc;ng qua Facebook, Skype&hellip;</p>\r\n\r\n<p><strong>Tổng kết</strong></p>\r\n\r\n<p>C&oacute; thể khẳng định với chiếc Laptop Dell G5 5590 n&agrave;y, chắc chắn rằng bạn đ&atilde; c&oacute; th&ecirc;m một lựa chọn tuyệt vời trong việc c&acirc;n nhắc mua một chiếc Laptop gaming hiện đại được trang bị tốt với một CPU hiện đại, một card đồ họa nhanh, v&agrave; một mức gi&aacute; hấp dẫn.</p>\r\n', 3, 33, '2019-10-17 08:01:36'),
(82, 'Dell Latitude E6330 - Laptop tốt nhất trong tầm giá ', 'Asus11.jpg', 7000000, 6000000, 1, 200, '<h3>Đặc điểm nổi bật m&aacute;y t&iacute;nh để b&agrave;n Dell Optiplex 755</h3>\r\n\r\n<ul>\r\n	<li>-&nbsp;<strong>Dell Optiplex 755</strong>&nbsp;l&agrave; d&ograve;ng Optiplex, d&ograve;ng m&aacute;y tạo n&ecirc;n thương hiệu bởi chất lượng v&agrave; c&ocirc;ng năn hoạt động&nbsp;si&ecirc;u bền bỉ</li>\r\n	<li>- C&aacute;c linh kiện thay thế linh hoạt dễ d&agrave;ng t&igrave;m kiếm tr&ecirc;n thị trường</li>\r\n	<li>- C&ocirc;ng năng vượt trội với 150% nhanh hơn bất kỳ m&aacute;y t&iacute;nh lắp r&aacute;p n&agrave;o c&oacute; c&ugrave;ng cấu h&igrave;nh.</li>\r\n	<li>- Vỏ m&aacute;y được thiết kế nhỏ gọn, c&oacute; thể để đứng hoặc nằm ph&ugrave; hợp mọi kh&ocirc;ng gian l&agrave;m việc</li>\r\n	<li>- Bảo h&agrave;nh 12 th&aacute;ng theo đ&uacute;ng ti&ecirc;u chuẩn của nh&agrave; sản xuất</li>\r\n	<li>- Giao h&agrave;ng miễn ph&iacute; nội th&agrave;nh H&agrave; Nội v&agrave; tr&ecirc;n to&agrave;n quốc</li>\r\n</ul>\r\n\r\n<h3>H&igrave;nh ảnh Dell Optiplex 755, Ch&iacute;p E7500 m&agrave;n 17 chụp tại của h&agrave;ng</h3>\r\n\r\n<p><strong>Dell Optiplex</strong>&nbsp;l&agrave; bộ m&aacute;y t&iacute;nh để b&agrave;n được thiết kế đảm bảo c&acirc;n đối v&agrave; đồng bộ để phục vụ tốt nhất cho c&aacute;c c&ocirc;ng việc đ&ograve;i hỏi phải hoạt động ổn định v&agrave; li&ecirc;n tục. Đ&acirc;y ch&iacute;nh l&agrave; d&ograve;ng&nbsp;<strong><a href=\"https://maytinhanphat.vn/\">m&aacute;y t&iacute;nh cũ</a></strong>&nbsp;được&nbsp;<strong>Dell&nbsp;</strong>lắp r&aacute;p một c&aacute;ch tối ưu nhất cho đối tượng sử dụng văn ph&ograve;ng v&agrave; c&aacute; nh&acirc;n. Tr&ecirc;n thực tế th&igrave; d&ograve;ng&nbsp;<strong>Dell OPTIPLEX</strong>&nbsp;ch&iacute;nh l&agrave; một model th&agrave;nh c&ocirc;ng nhất của Dell từ trước đến nay, n&oacute; l&agrave; d&ograve;ng mang lại t&ecirc;n tuổi của Dell trong suốt những năm qua.</p>\r\n', 10, 33, '2019-10-03 09:09:01'),
(85, '[Mới 100% Full Box] Laptop Asus FX705DD AU059T - Ryzen 7 3750H', 'Asus2.jpg', 14000000, 13000000, 1, 212, '<p>chưa c&oacute; th&ocirc;ng tin</p>\r\n', 1, 33, '2019-10-08 03:55:31');

-- --------------------------------------------------------

--
-- Cấu trúc bảng cho bảng `slide`
--

CREATE TABLE `slide` (
  `id_slide` int(11) NOT NULL,
  `images` varchar(255) COLLATE utf8_unicode_ci NOT NULL,
  `name_slide` varchar(255) COLLATE utf8_unicode_ci NOT NULL,
  `special` int(11) NOT NULL DEFAULT 0,
  `link` varchar(255) COLLATE utf8_unicode_ci NOT NULL,
  `create_at` timestamp NOT NULL DEFAULT current_timestamp()
) ENGINE=InnoDB DEFAULT CHARSET=utf8 COLLATE=utf8_unicode_ci;

--
-- Đang đổ dữ liệu cho bảng `slide`
--

INSERT INTO `slide` (`id_slide`, `images`, `name_slide`, `special`, `link`, `create_at`) VALUES
(3, 'banner3.jpeg', 'slide1', 1, './chitietsp.php?id=3', '2019-10-08 03:40:32'),
(4, 'banner2.jpg', 'slide1', 1, './chitietsp.php?id=45', '2019-10-08 03:41:36'),
(10, 'S8_banner_2100x750.jpg', 'máy mới', 0, './chitietsp.php?id=3', '2019-10-08 08:12:48'),
(11, 'slide.jpg', 'máy tính mới', 1, './chitietsp.php?id=44', '2019-10-08 08:33:28'),
(13, 'banner1.jpg', 'slidea', 1, './chitietsp.php?id=3', '2019-10-17 04:31:29'),
(14, 'banner.jpg', 'sl11', 0, 'Sinh viên quanglxph07563', '2019-10-17 06:42:36');

-- --------------------------------------------------------

--
-- Cấu trúc bảng cho bảng `user`
--

CREATE TABLE `user` (
  `user` varchar(255) COLLATE utf8_unicode_ci NOT NULL,
  `password` varchar(255) COLLATE utf8_unicode_ci NOT NULL,
  `avatar` varchar(255) COLLATE utf8_unicode_ci NOT NULL,
  `name` varchar(255) COLLATE utf8_unicode_ci NOT NULL,
  `address` varchar(255) COLLATE utf8_unicode_ci NOT NULL,
  `permission` int(11) NOT NULL,
  `create_at` timestamp NOT NULL DEFAULT current_timestamp()
) ENGINE=InnoDB DEFAULT CHARSET=utf8 COLLATE=utf8_unicode_ci;

--
-- Đang đổ dữ liệu cho bảng `user`
--

INSERT INTO `user` (`user`, `password`, `avatar`, `name`, `address`, `permission`, `create_at`) VALUES
('chien', 'e10adc3949ba59abbe56e057f20f883e', 'logo1.png', 'lê minh chiến', 'Đồng vân Đồng Tháp Đan Phượng Hà Nội', 1, '2019-09-24 04:13:08'),
('chien1111', 'e10adc3949ba59abbe56e057f20f883e', 'person3.jpg', 'Hương Ly', 'đồng vân đồng tháp đan phượng hà nội', 0, '2019-10-10 08:20:09'),
('maidtt', 'e10adc3949ba59abbe56e057f20f883e', 'user.png', 'mai mai', 'Hà Nội', 0, '2019-10-11 03:12:38'),
('nenethai', '25f9e794323b453885f5181f1b624d0b', 'person1.jpg', '-Nene-', 'Đồng vân Đồng Tháp Đan Phượng Hà Nội', 1, '2019-10-03 15:27:00'),
('quang', 'e10adc3949ba59abbe56e057f20f883e', 'person3.jpg', 'Trần Thị Trà My', 'Đồng vân Đồng Tháp Đan Phượng Hà Nội', 0, '2019-09-24 04:09:26'),
('quang1213', 'e10adc3949ba59abbe56e057f20f883e', 'wordpress.png', 'Lê Văn Vũ', 'đồng vân đồng tháp đan phượng hà nội', 0, '2019-10-10 08:22:18'),
('quang123', 'e10adc3949ba59abbe56e057f20f883e', 'person2.jpg', 'Hoàng Thị Thùy Linh', 'Đồng vân Đồng Tháp Đan Phượng Hà Nội', 0, '2019-09-24 07:07:04'),
('trunghieu', 'e10adc3949ba59abbe56e057f20f883e', 'logo1.png', 'lê minh chiến', 'Đồng vân Đồng Tháp Đan Phượng Hà Nội', 1, '2019-09-24 07:11:30'),
('VerryWell', '25f9e794323b453885f5181f1b624d0b', 'Lê Xuân Quảng-PH07563.jpg', 'Lê Xuân Quảng', 'Đồng vân Đồng Tháp Đan Phượng Hà Nội', 1, '2019-09-26 06:47:33');

--
-- Chỉ mục cho các bảng đã đổ
--

--
-- Chỉ mục cho bảng `category`
--
ALTER TABLE `category`
  ADD PRIMARY KEY (`id_category`);

--
-- Chỉ mục cho bảng `comments`
--
ALTER TABLE `comments`
  ADD PRIMARY KEY (`id_comment`),
  ADD KEY `fk_comment` (`id_product`),
  ADD KEY `fk_user` (`user`);

--
-- Chỉ mục cho bảng `information`
--
ALTER TABLE `information`
  ADD PRIMARY KEY (`id`);

--
-- Chỉ mục cho bảng `products`
--
ALTER TABLE `products`
  ADD PRIMARY KEY (`id_product`),
  ADD KEY `fk_category` (`id_category`);

--
-- Chỉ mục cho bảng `slide`
--
ALTER TABLE `slide`
  ADD PRIMARY KEY (`id_slide`);

--
-- Chỉ mục cho bảng `user`
--
ALTER TABLE `user`
  ADD PRIMARY KEY (`user`);

--
-- AUTO_INCREMENT cho các bảng đã đổ
--

--
-- AUTO_INCREMENT cho bảng `category`
--
ALTER TABLE `category`
  MODIFY `id_category` int(11) NOT NULL AUTO_INCREMENT, AUTO_INCREMENT=44;

--
-- AUTO_INCREMENT cho bảng `comments`
--
ALTER TABLE `comments`
  MODIFY `id_comment` int(11) NOT NULL AUTO_INCREMENT, AUTO_INCREMENT=62;

--
-- AUTO_INCREMENT cho bảng `information`
--
ALTER TABLE `information`
  MODIFY `id` int(11) NOT NULL AUTO_INCREMENT, AUTO_INCREMENT=5;

--
-- AUTO_INCREMENT cho bảng `products`
--
ALTER TABLE `products`
  MODIFY `id_product` int(11) NOT NULL AUTO_INCREMENT, AUTO_INCREMENT=86;

--
-- AUTO_INCREMENT cho bảng `slide`
--
ALTER TABLE `slide`
  MODIFY `id_slide` int(11) NOT NULL AUTO_INCREMENT, AUTO_INCREMENT=15;

--
-- Các ràng buộc cho các bảng đã đổ
--

--
-- Các ràng buộc cho bảng `comments`
--
ALTER TABLE `comments`
  ADD CONSTRAINT `fk_comment` FOREIGN KEY (`id_product`) REFERENCES `products` (`id_product`),
  ADD CONSTRAINT `fk_user` FOREIGN KEY (`user`) REFERENCES `user` (`user`);

--
-- Các ràng buộc cho bảng `products`
--
ALTER TABLE `products`
  ADD CONSTRAINT `fk_category` FOREIGN KEY (`id_category`) REFERENCES `category` (`id_category`);
COMMIT;

/*!40101 SET CHARACTER_SET_CLIENT=@OLD_CHARACTER_SET_CLIENT */;
/*!40101 SET CHARACTER_SET_RESULTS=@OLD_CHARACTER_SET_RESULTS */;
/*!40101 SET COLLATION_CONNECTION=@OLD_COLLATION_CONNECTION */;
